Date,Open,High,Low,Close,Volume
2020-01-02,71.54590484669842,72.59890677347013,71.29231880429238,72.53852844238281,135480400
2020-01-03,71.76567430155144,72.59406313642577,71.60869213351766,71.83329772949219,146322800
2020-01-06,70.95418800651902,72.44432080433776,70.7030121336898,72.40567779541016,118387200
2020-01-07,72.41532188246822,72.67132530208438,71.84535422985819,72.06513214111328,108872000
2020-01-08,71.76808624589498,73.52630260685811,71.76808624589498,73.22441101074219,132079200
2020-01-09,74.20254195863613,74.97296995476395,73.95137344000949,74.7797622680664,170108400
2020-01-10,75.01402005997716,75.51395427727236,74.446462424671,74.94880676269531,140644800
2020-01-13,75.26519625077637,76.57661149006776,75.1468497409281,76.55004119873047,121532000
2020-01-14,76.48726080979424,76.69737618985954,75.39320591637785,75.51637268066406,161954400
2020-01-15,75.31590787968373,76.19742976100052,74.76042298692015,75.19273376464844,121923600
2020-01-16,75.73614052978684,76.24573732895618,75.37387064834499,76.13463592529297,108829200
2020-01-17,76.38339587903954,76.97993392443253,76.07667669301796,76.97752380371094,137816400
2020-01-21,76.60559336877427,77.04755940221253,76.31819199284013,76.45585632324219,110843200
2020-01-22,76.94130052804331,77.28183515069573,76.63458130371416,76.72877502441406,101832400
2020-01-23,76.78190767247501,77.17798563171488,76.23366779231166,77.0982894897461,104472000
2020-01-24,77.34464270460084,78.08850050621476,76.68530867082355,76.87610626220703,146537600
2020-01-27,74.88360812840847,75.29659377968004,73.63257108817264,74.61553192138672,161940000
2020-01-28,75.4970547636558,76.89782887589077,75.39803343183497,76.72635650634766,162234000
2020-01-29,78.35898301190313,79.1801266517597,77.61753550777614,78.33241271972656,216229200
2020-01-30,77.4146817332591,78.27205107194843,76.98237082631806,78.21891784667969,126743200
2020-01-31,77.50886365949354,77.9315119457232,74.456139298992,74.75078582763672,199588400
2020-02-03,73.49249228699044,75.71200004458515,72.99014787932889,74.54549407958984,173788400
2020-02-04,76.15154128644726,77.19729777289353,75.7458008005722,77.00650024414062,136616400
2020-02-05,78.13438742518179,78.43386895689102,77.03067714309759,77.63446044921875,118826800
2020-02-06,77.90495019793212,78.54495899553537,77.34705504130429,78.54254150390625,105425600
2020-02-07,78.04140355652011,78.2907522912515,76.98348700831134,77.47492218017578,117684000
2020-02-10,76.05870463365227,77.84288024902344,75.97881937100627,77.84288024902344,109348800
2020-02-11,78.33919062909048,78.4118136218486,77.15538413187909,77.37326049804688,94323200
2020-02-12,77.8235277760248,79.21552479911539,77.8235277760248,79.21068572998047,113730400
2020-02-13,78.48201992249481,78.97345520254548,78.27866815708352,78.64663696289062,94747600
2020-02-14,78.61515688888446,78.91534913157656,78.15761730819476,78.66600036621094,80113600
2020-02-18,76.34437253292894,77.40713550005586,76.16280771158402,77.22557067871094,152531200
2020-02-19,77.46766524775612,78.57400211516978,77.46766524775612,78.3440170288086,93984000
2020-02-20,78.10433337158206,78.59334522089243,77.034308274592,77.54026794433594,100566000
2020-02-21,77.13360277443071,77.57662522575713,75.16786149171838,75.7851791381836,129554000
2020-02-24,71.9626330750162,73.63786746473984,70.01867883709842,72.18534851074219,222195200
2020-02-25,72.8559159017165,73.23840922009403,69.26819314550896,69.7402572631836,230673600
2020-02-26,69.36503539122887,72.11271828103145,69.35777309270347,70.84660339355469,198054800
2020-02-27,68.05050408823062,69.23672624207228,66.07991679515257,66.21548461914062,320605600
2020-02-28,62.27916414492055,67.39929122080478,62.06370365251087,66.17675018310547,426510000
2020-03-02,68.33616370279057,72.97454103190371,67.23225006740749,72.33785247802734,341397200
2020-03-03,73.51440097180128,73.59428625555064,69.18830958377835,70.04045867919922,319475600
2020-03-04,71.76411894811032,73.44903883256075,70.962813265488,73.28926086425781,219178400
2020-03-05,71.54136786626883,72.51697572999595,70.54639634186374,70.91194915771484,187572800
2020-03-06,68.26837793734198,70.40358216932741,68.08197403311165,69.97024536132812,226176800
2020-03-09,63.8503198544026,67.32183967576859,63.66875496382136,64.43617248535156,286744800
2020-03-10,67.09184552066098,69.34324665860709,65.21082898559138,69.07695007324219,285290000
2020-03-11,67.15237416724361,68.07956216167183,65.81362880191305,66.6778793334961,255598800
2020-03-12,61.95960486263178,65.36333966293708,60.03743791262368,60.093116760253906,418474000
2020-03-13,64.12627561961224,67.76483423256263,61.23575946723115,67.29276275634766,370732000
2020-03-16,58.572812608634756,62.71975075656297,58.10074479595678,58.63575744628906,322423600
2020-03-17,59.91881387267281,62.36388471818226,57.71340624039025,61.2139778137207,324056000
2020-03-18,58.045081603953385,60.52162548447289,57.40355015744986,59.715476989746094,300233600
2020-03-19,59.88976893183757,61.209139394324836,58.73259595357314,59.2579231262207,271857200
2020-03-20,59.83893112943769,60.96463541715743,55.195714466288855,55.49590301513672,401693200
2020-03-23,55.2150904957698,55.31676638458161,51.47001196844014,54.31694793701172,336752800
2020-03-24,57.219546221042535,59.96238579534628,56.720848788250144,59.76629638671875,287531200
2020-03-25,60.703187887851634,62.51883657841549,59.14173075275606,59.437076568603516,303602000
2020-03-26,59.67916036796759,62.62292917138006,59.64042564443605,62.5648307800293,252087200
2020-03-27,61.187354431284916,61.94266302499107,59.80746231049624,59.97450256347656,204216800
2020-03-30,60.700764195325654,61.85793725267391,60.376365510763634,61.68605422973633,167976400
2020-03-31,61.87730177654374,63.54527367451045,61.005789027148815,61.56016540527344,197002000
2020-04-01,59.67430332649324,60.211735481582174,57.89012756934183,58.321041107177734,176218400
2020-04-02,58.18305925799057,59.34749454652656,57.350281239576255,59.29423522949219,165934000
2020-04-03,58.7786044354097,59.48065382570653,57.851412673527925,58.44210433959961,129880000
2020-04-06,60.73949357260216,63.6953672894155,60.371524799496335,63.540435791015625,201820400
2020-04-07,65.55701899354938,65.77490274638198,62.70040134680594,62.80449676513672,202887200
2020-04-08,63.605797071493534,64.72665861508077,63.240251523791564,64.41194915771484,168895200
2020-04-09,65.04862618518483,65.38028340961694,64.0802804727914,64.87673950195312,161834800
2020-04-13,64.95421592166439,66.25906545571533,64.35383885573385,66.1501235961914,131022800
2020-04-14,67.78420685231022,69.78142008992293,67.31213531371759,69.49091339111328,194994800
2020-04-15,68.36523122875091,69.31662947171817,67.93674075138786,68.8566665649414,131154400
2020-04-16,69.57078775828805,69.76930037066249,68.35309351528876,69.40374755859375,157125200
2020-04-17,68.91959068992213,69.46670842031787,67.02404968637673,68.46204376220703,215250000
2020-04-20,67.28792562164121,68.1909032698828,67.02162907324754,67.0409927368164,130015200
2020-04-21,66.88363145554771,67.11845556313274,64.25699249245112,64.9687271118164,180991600
2020-04-22,66.23729500850857,67.27584833913318,65.89595948667669,66.84009552001953,116862400
2020-04-23,66.7843911704893,68.20786075083029,66.54230470819708,66.58103942871094,124814400
2020-04-24,67.10636068864,68.5128822420226,67.05794044796141,68.5031967163086,126161200
2020-04-27,68.21994066971816,68.88326239161039,67.77208676560159,68.55160522460938,117087600
2020-04-28,69.01399917951635,69.19556400981887,67.34845067537042,67.44043731689453,112004800
2020-04-29,68.92928862916094,70.12519647509855,68.72593686507632,69.65554809570312,137280800
2020-04-30,70.19537380762834,71.30171048124089,69.80561823131379,71.12498474121094,183064000
2020-05-01,69.29726421273264,72.38386724753559,69.20043108529804,69.97994995117188,240616800
2020-05-04,70.00415476707384,71.09838306103778,69.31420678113763,70.97007751464844,133568000
2020-05-05,71.43001651075052,72.86801039665262,71.28476318520556,72.03523254394531,147751200
2020-05-06,72.7372996904726,73.41029979065098,72.35238308451844,72.77845764160156,142333600
2020-05-07,73.40545924879912,73.87753081736858,73.10285116327836,73.53134155273438,115215200
2020-05-08,74.19159365905105,75.33490525251078,73.86389080775889,75.28150177001953,133838400
2020-05-11,74.78874828363153,76.96128289724894,74.57998648849065,76.46609497070312,145946400
2020-05-12,77.15061452744153,77.60211807775983,75.47084560508229,75.59221649169922,162301200
2020-05-13,75.77186558740954,76.69428904499877,73.60175289611796,74.67952728271484,200622400
2020-05-14,73.91730709017112,75.19898348401253,73.19393386714296,75.13829803466797,158929200
2020-05-15,72.9074855679762,74.74018280409528,72.8734981674341,74.69406127929688,166348400
2020-05-18,76.01943893594208,76.82776572341807,75.32762345021945,76.45394134521484,135178400
2020-05-19,76.47095469800648,77.31812127307398,75.9806188920403,76.01217651367188,101729600
2020-05-20,76.87145211894088,77.56083776866723,76.83261255175897,77.49044799804688,111504800
2020-05-21,77.35208167148353,77.89339840392688,76.67483016093698,76.9127197265625,102688800
2020-05-22,76.65056790341653,77.49045978164982,76.5486205059651,77.40792846679688,81803200
2020-05-26,78.52695733358873,78.70658386082842,76.82776505743689,76.88359832763672,125522000
2020-05-27,76.74038797022739,77.36422869926452,76.00002111496565,77.21858215332031,112945200
2020-05-28,76.89331060647892,78.51240153060692,76.6165888307401,77.25257110595703,133560800
2020-05-29,77.49530586711329,77.95651372350704,76.82048407944905,77.17731475830078,153532400
2020-06-01,77.13120672626943,78.24782048460888,77.00012408043993,78.12644958496094,80791200
2020-06-02,77.8594283215851,78.51240432243173,77.41763649054919,78.48812866210938,87642800
2020-06-03,78.80855263967156,79.182377080961,78.23567814710795,78.92021179199219,104491200
2020-06-04,78.74300918140095,79.04157682827717,77.86670750782196,78.24053192138672,87560400
2020-06-05,78.49054361691735,80.52957276449304,78.46141579319185,80.46888732910156,137250400
2020-06-08,80.16546503775984,80.97865140314263,79.45423346951993,80.94466400146484,95654400
2020-06-09,80.62426333660154,83.89398820325025,80.59270571799298,83.50074768066406,147712400
2020-06-10,84.44985718304342,86.11749189610212,84.01049518819849,85.64900207519531,166651600
2020-06-11,84.79213265493966,85.21693078033901,81.43501701482725,81.5369644165039,201662400
2020-06-12,83.67793248531777,84.42557378125964,81.12914422822645,82.24089813232422,200146000
2020-06-15,80.89371542315325,83.91099461363045,80.73107513642306,83.25801849365234,138808800
2020-06-16,85.31401697994849,85.73639268013275,83.67793988645191,85.46451568603516,165428800
2020-06-17,86.20974119392952,86.27042663858354,85.22421016537945,85.3455810546875,114406400
2020-06-18,85.30187561395847,85.79707083702235,84.7702706115274,85.37955474853516,96820400
2020-06-19,86.0859555132038,86.55201562081369,83.78233079369242,84.89166259765625,264476000
2020-06-22,85.28488682520853,87.25594867927818,85.23876529939096,87.11273193359375,135445200
2020-06-23,88.35800866828109,90.3921859871706,87.93806271848383,88.9721450805664,212155600
2020-06-24,88.60073320249124,89.5207264515975,87.02776409413818,87.4015884399414,192623200
2020-06-25,87.5569503065316,88.6007368459442,86.79716746009711,88.56189727783203,137522400
2020-06-26,88.45753841975109,88.67843434218518,85.6927058184488,85.84078216552734,205256800
2020-06-29,85.74855009238026,87.91381044123456,85.27034839852176,87.81913757324219,130646000
2020-06-30,87.40645126373022,88.83863359997088,87.38703518205058,88.55219268798828,140223200
2020-07-01,88.62986085325258,89.1735999676267,88.33614542892262,88.38468933105469,110737200
2020-07-02,89.29254845481343,89.92853061349525,88.2706078274939,88.38468933105469,114041600
2020-07-06,89.81445847482968,91.21750566495867,89.78290085821105,90.74901580810547,118655600
2020-07-07,91.12769570514304,91.90689477197918,90.35577859564587,90.46743774414062,112424400
2020-07-08,91.4456770300409,92.60598235802769,91.35828614347145,92.57442474365234,117092000
2020-07-09,93.4677067512674,93.52111023194134,91.92387279560495,92.97251892089844,125642800
2020-07-10,92.56713990671183,93.19341778265134,91.95543335132274,93.1351547241211,90257200
2020-07-13,94.44110745330646,97.05301113101872,92.49189143951854,92.70550537109375,191649200
2020-07-14,92.08652848703908,94.43141523515344,91.15197845498895,94.23965454101562,170989200
2020-07-15,96.11603683855265,96.36606058527201,93.6886189450088,94.88776397705078,153198000
2020-07-16,93.75903153718914,94.57707031640611,93.12061934107113,93.7201919555664,110577600
2020-07-17,94.17165684565461,94.3270077003049,93.05746578921801,93.53081512451172,92186800
2020-07-20,93.61824344262168,95.64027959696287,93.27354678967762,95.50191497802734,90318000
2020-07-21,96.29324956124735,96.36849892999707,93.93379886291763,94.18382263183594,103433200
2020-07-22,93.88522450495746,95.13049087467405,93.79784103025683,94.4483871459961,89001600
2020-07-23,94.18138204100602,94.25906118948085,89.33868791358677,90.14944458007812,197004400
2020-07-24,88.34588799765626,90.27082884463798,86.55687456880528,89.92613220214844,185438800
2020-07-27,90.98931843723298,92.14962372831235,90.7660001713413,92.05738067626953,121214000
2020-07-28,91.62775430231531,91.80495849622993,90.54026829124304,90.54512786865234,103625600
2020-07-29,91.02817499490048,92.4652097102924,90.99176520648089,92.28072357177734,90329200
2020-07-30,91.45298211740241,93.50172370292267,91.04517763130927,93.39734649658203,158130000
2020-07-31,99.89796575503286,103.32547889929636,97.89776821941581,103.17498016357422,374336800
2020-08-03,105.05863567902395,108.39633503514682,104.76006804130827,105.77472686767578,308151200
2020-08-04,105.96406844483113,107.57344762416928,105.24069527688243,106.48110961914062,173071600
2020-08-05,106.20198567066932,107.18751695662026,105.73591807452684,106.86709594726562,121776800
2020-08-06,107.19963324982751,111.0907840336135,106.60977244976479,110.59558868408203,202428800
2020-08-07,110.11652664854778,110.57370522818017,107.28348737773852,108.08111572265625,198045600
2020-08-10,109.52802993062933,110.67097638858233,106.99896497013046,109.65205383300781,212403600
2020-08-11,108.91520246878905,109.41371732342775,106.13079507349751,106.39099884033203,187902400
2020-08-12,107.48288378658236,110.18461136167227,107.2883431931704,109.92684173583984,165598000
2020-08-13,111.30809060988061,112.87660092461535,110.81929757369635,111.87226867675781,210082000
2020-08-14,111.6971903401982,111.86255059040622,109.96088544926977,111.77257537841797,165565200
2020-08-17,112.89607263916643,112.92039207121137,110.85336650862027,111.48076629638672,119561600
2020-08-18,111.23269576368891,112.83524719865467,110.89710698763825,112.40968322753906,105633600
2020-08-19,112.81822669084653,113.96603385163618,112.45589172935948,112.55072784423828,145538000
2020-08-20,112.59207358329192,115.16248188226466,112.57504924247161,115.04818725585938,126907200
2020-08-21,116.00875904693801,121.46084583474001,115.99660304237206,120.97692108154297,338054800
2020-08-24,125.18634310109493,125.27146481367004,120.5562117393656,122.423828125,345937600
2020-08-25,121.29549340088454,121.76482801035655,119.6953682864558,121.41950988769531,211495600
2020-08-26,122.73754690039225,123.52788020690181,121.66998542570761,123.0707015991211,163022400
2020-08-27,123.67376948239601,124.00692412752836,120.45406865293813,121.59944915771484,155552400
2020-08-28,122.57460040324597,122.99286935955308,121.17875271683349,121.40248107910156,187630000
2020-08-31,124.09931085732387,127.42600320571756,122.56241529710239,125.51947021484375,225702700
2020-09-01,129.13802940462026,131.12238232990026,126.96887253695941,130.519287109375,151948100
2020-09-02,133.8362586004146,134.21561800557666,123.53517911659272,127.81513214111328,200119000
2020-09-03,123.44761726135523,125.32495545599747,117.21249271726687,117.58212280273438,257599600
2020-09-04,116.79423196346733,120.32519508764499,107.86468180279036,117.65995025634766,332607200
2020-09-08,110.841180367367,115.74367852876145,109.60583213787987,109.74201202392578,231366600
2020-09-09,114.06090199664179,115.88960896039349,112.11546621430013,114.1192626953125,176940500
2020-09-10,117.07631964504925,117.21249954875044,109.43075684011971,110.39374542236328,182274400
2020-09-11,111.444265890273,112.0862631304283,106.99894632611955,108.94438171386719,180860300
2020-09-14,111.59019917203862,112.76718694572703,109.72258257682635,112.21273803710938,140150100
2020-09-15,115.10168535351536,115.58804419561972,110.51045669665075,112.38780212402344,184642000
2020-09-16,112.08626205798284,112.83525140975061,108.98329026941566,109.07083129882812,154679000
2020-09-17,106.72660868027582,109.13894490518533,105.74416152788396,107.3296890258789,178011000
2020-09-18,107.38805935339492,107.85495979692669,103.195640091221,103.92517852783203,287104900
2020-09-21,101.68790273500836,107.1837588722249,100.28718696193107,107.0767593383789,195713800
2020-09-22,109.60584204815116,109.78093154907663,106.18187865602258,108.75957489013672,183055400
2020-09-23,108.57476272214053,109.05139236274285,103.85707548927341,104.1975326538086,150718700
2020-09-24,102.30071754136085,107.242125181147,102.1353573153781,105.26750946044922,167743300
2020-09-25,105.47176702831337,109.37236658475689,104.73249959284428,109.21672821044922,149981400
2020-09-28,111.87229304060132,112.1738332290433,109.70312875580379,111.82365417480469,137672400
2020-09-29,111.42481261814176,112.16407270770064,110.47154603147797,110.97735595703125,99382200
2020-09-30,110.68554238257225,114.06087381847615,110.52018216302427,112.65042877197266,142675200
2020-10-01,114.43053801385166,114.50835723025065,112.66992091500572,113.60372924804688,116120400
2020-10-02,109.81012618440236,112.22246990869148,109.1584069544176,109.93657684326172,144712000
2020-10-05,110.80228919258478,113.46753391146844,110.4521101876222,113.32162475585938,106243800
2020-10-06,112.54341947691526,112.95196649499722,109.18754684094803,110.07272338867188,161498200
2020-10-07,111.49291934511135,112.39754721573827,111.01628226939263,111.94036865234375,96849000
2020-10-08,113.07845941642599,113.22436859024533,111.46374408965649,111.83338165283203,83477200
2020-10-09,112.13490552618049,113.80798131062522,111.78472652844798,113.77880096435547,100506900
2020-10-12,116.78449677232146,121.76481458334483,116.0257780752071,121.00609588623047,240226800
2020-10-13,121.85235887523848,121.96908768608209,116.38568943923732,117.79612731933594,262330500
2020-10-14,117.69885586154554,119.67347184273211,116.35650794568298,117.88367462158203,150712000
2020-10-15,115.48105698538242,117.89339294386203,114.92660814304054,117.41676330566406,112559200
2020-10-16,117.97123284829036,118.23387085304897,115.56861830280876,115.77288818359375,115393800
2020-10-19,116.68721586654202,117.1346651236104,112.50453415677372,112.81580352783203,120639300
2020-10-20,113.02980416838349,115.73396585696945,112.47535532523321,114.30406951904297,124423700
2020-10-21,113.4869857975519,115.47133103249566,113.27298669065874,113.68153381347656,89946000
2020-10-22,114.2457118461172,114.81961925340501,111.46373812027767,112.59209442138672,101988000
2020-10-23,113.21461859214486,113.37025699470568,111.16218354117096,111.90145111083984,82572600
2020-10-26,110.89955125203169,113.37025519408711,109.80037545983436,111.91117858886719,111850700
2020-10-27,112.33918213169002,114.08034796929371,111.41510314504899,113.41889953613281,92276800
2020-10-28,111.91119126662696,112.28082137684017,108.06895131820131,108.16622161865234,143937800
2020-10-29,109.30428354663158,113.73987359676744,109.13891590818614,112.17379760742188,146129200
2020-10-30,108.03002883521329,108.93465662193633,104.78115517571706,105.89005279541016,190272600
2020-11-02,106.13323338437135,107.66039994190102,104.39206773628062,105.80250549316406,122866900
2020-11-03,106.66824505588045,108.44831311565359,105.76361714103741,107.42696380615234,107624400
2020-11-04,111.02601237155882,112.43645025464208,109.2848465676762,111.81391143798828,138235500
2020-11-05,114.73205582071998,116.35650010587017,113.68152628924997,115.7825927734375,126387100
2020-11-06,115.2905328204704,116.14799861229584,113.15660323122867,115.65106201171875,114457900
2020-11-09,117.41470327709126,118.86655105350619,113.07864459442057,113.34172821044922,154515300
2020-11-10,112.59147258432904,114.57923409087746,111.20782446930689,113.00071716308594,138023400
2020-11-11,114.18946623657861,116.56698735100086,113.45866925822499,116.43057250976562,112295000
2020-11-12,116.55725128655479,117.44394777392753,115.5341325209194,116.15774536132812,103162300
2020-11-13,116.38186588950428,116.6059728165846,114.85206439758592,116.20647430419922,81581900
2020-11-16,115.8751546907103,117.8921538375377,115.12487314428873,117.2198257446289,91183000
2020-11-17,116.48903680048612,117.58035548799745,115.91413933412841,116.3331298828125,74271000
2020-11-18,115.57310891661412,116.75212717189736,114.97872676825749,115.0079574584961,76322100
2020-11-19,114.579214364051,116.01157757714591,113.81918672462538,115.60233306884766,74113000
2020-11-20,115.6023270585875,115.72899584722249,114.28689410227584,114.33560943603516,73604300
2020-11-23,114.17972274018632,114.60845935593927,110.83754418732941,110.93498229980469,127959300
2020-11-24,110.9934577345429,112.8837810182729,109.7072478105703,112.22119140625,113874200
2020-11-25,112.5914676385363,113.76073993620845,112.22119237816695,113.05917358398438,76499200
2020-11-27,113.58535085961773,114.48179346992426,113.24431371809374,113.6048355102539,46691300
2020-11-30,113.97509336124737,117.87267708944432,113.81918644377502,116.00183868408203,169410200
2020-12-01,117.91165703284473,120.30867019893745,116.93726107423544,119.57787322998047,127728200
2020-12-02,118.89578518676296,120.21122560718797,117.79472048917064,119.92864990234375,89004200
2020-12-03,120.3573879750848,120.61073301099076,119.08093162233982,119.79224395751953,78967600
2020-12-04,119.46093300511777,119.71427801461196,118.40858367403467,119.1198959350586,78260400
2020-12-07,119.17837220495473,121.38050924323434,119.11991082393762,120.58150482177734,86712000
2020-12-08,121.18562729875275,121.78000942455122,119.93839423484614,121.19536590576172,82225500
2020-12-09,121.34152267781417,122.72516309946796,117.90190627108922,118.66193389892578,115089200
2020-12-10,117.41472863801995,120.69844613179018,117.07369149393158,120.0845718383789,81312200
2020-12-11,119.29527199753831,119.61682437928482,117.46341066337118,119.27578735351562,86939800
2020-12-14,119.46093825563229,120.19173519532912,118.42808095975704,118.66193389892578,79184500
2020-12-15,121.15640332920535,124.62525838078408,120.95178104734528,124.60576629638672,157243700
2020-12-16,124.14779181691584,125.0832036047306,123.31954931044656,124.53754425048828,98208600
2020-12-17,125.5996614182619,126.26225855082929,124.76168011031554,125.40478515625,94359800
2020-12-18,125.6581058023967,125.79452063801119,122.89081749267945,123.4169921875,192541500
2020-12-21,121.81898239256174,125.0247460652675,120.28918099826035,124.94679260253906,121251600
2020-12-22,128.24028106231793,130.96859332329765,126.33045801920044,128.5033721923828,168904800
2020-12-23,128.7761906679344,129.03926690688297,127.43151930755751,127.60691833496094,88223700
2020-12-24,127.95766733547217,130.0428738137408,127.74329906375385,128.5910186767578,54930100
2020-12-28,130.5593044830477,133.82352163941158,130.09158377292042,133.19017028808594,124486200
2020-12-29,134.51533421618103,135.23637754463604,130.90031949667383,131.416748046875,121047300
2020-12-30,132.10864222516685,132.50814824653503,129.98445071914335,130.2962646484375,96452100
2020-12-31,130.64698149385816,131.2900862451404,128.34740697226323,129.29257202148438,99116600
2021-01-04,130.1013562325265,130.18904830293448,123.51443728468345,126.09658813476562,143301900
2021-01-05,125.58987944540236,128.3669135415631,125.14165081624391,127.65559387207031,97664900
2021-01-06,124.44985429829092,127.69459465788168,123.14415983466812,123.35852813720703,155088000
2021-01-07,125.0734730800105,128.25975221212653,124.58627507251094,127.56792449951172,109578200
2021-01-08,129.03923614525579,129.23412721104498,126.8955682344821,128.66897583007812,105158200
2021-01-11,125.88222675621482,126.83713071211609,125.20989110987996,125.67759704589844,100384500
2021-01-12,125.2098831281038,126.36941672040446,123.6118743194809,125.50220489501953,91951100
2021-01-13,125.46320546323611,128.08433270307023,125.20012928631586,127.5386734008789,88636800
2021-01-14,127.45099807958694,127.6458743033761,125.46322193987007,125.60939025878906,90221800
2021-01-15,125.48271340602645,126.88584599937765,123.74828974705143,123.88470458984375,111598500
2021-01-19,124.5083222083043,125.41451823804258,123.6898331200979,124.55704498291016,90757300
2021-01-20,125.36579577837638,129.09773432738962,125.25861162121556,128.64950561523438,104319500
2021-01-21,130.37416729095122,136.09386615455463,130.16953762113462,133.3655548095703,120150900
2021-01-22,132.79068885405798,136.26928979361904,131.56295521732648,135.50926208496094,114459400
2021-01-25,139.40684948015027,141.37511878863197,133.0440296191869,139.26068115234375,157611700
2021-01-26,139.92324336849194,140.60531745751035,137.75033002105468,139.4945068359375,98390600
2021-01-27,139.7575705729346,140.60530495715494,136.814906212198,138.4226531982422,140843800
2021-01-28,135.94776180776887,138.3545216080431,133.199957390702,133.57997131347656,142621100
2021-01-29,132.35219077043976,133.2388945668448,126.8760908230651,128.58128356933594,177523800
2021-02-01,130.32544580541983,131.91371580928939,127.57764235343213,130.70545959472656,106239800
2021-02-02,132.2547347662849,132.81988610161744,131.16341625287015,131.53369140625,83305400
2021-02-03,132.28398241128824,132.2937358859012,130.189037167514,130.51058959960938,89880900
2021-02-04,132.81015030717464,133.88197676464856,131.1439269498007,133.8722381591797,84183100
2021-02-05,134.0332988756867,134.10160078327885,132.57927381040088,133.45753479003906,75693800
2021-02-08,132.7451880763767,133.65273846448895,131.66199142043115,133.60394287109375,71297200
2021-02-09,133.32091738610043,134.55050063798447,132.56952194364052,132.72564697265625,76774200
2021-02-10,133.18426522390598,133.68195923048688,131.15449145334966,132.12059020996094,73046600
2021-02-11,132.61827762495054,133.09645045385943,130.53972304081887,131.86688232421875,64280000
2021-02-12,131.10574623455432,132.257244658681,130.46168022259064,132.10110473632812,60145100
2021-02-16,132.21818684146174,132.72561913740805,129.58337464875356,129.97372436523438,80576300
2021-02-17,128.08057622514062,129.0271538654206,126.34356083975098,127.68047332763672,97918500
2021-02-18,126.08010277824297,126.86078752569648,124.33333387097746,126.57779693603516,96856700
2021-02-19,127.09496971320031,127.55362134396646,125.6897404521568,126.73389434814453,87668800
2021-02-22,124.91883209232695,126.5875458704134,122.5670322120621,122.9573745727539,103916400
2021-02-23,120.77145192783192,123.65021250049017,115.53112373320839,122.82073974609375,158273000
2021-02-24,121.92294838417055,122.52797184498519,119.2783904200208,122.32304382324219,111039900
2021-02-25,121.66921718039119,123.40623239958438,117.62919084390654,118.06832122802734,148199500
2021-02-26,119.62970286388716,121.83513064841705,118.2732690688628,118.33182525634766,164560400
2021-03-01,120.76169636502549,124.84075840671721,119.82487925027971,124.70413970947266,116307900
2021-03-02,125.3091718593238,125.6116836281733,121.99127322699131,122.09861755371094,102260900
2021-03-03,121.79609628413596,122.67436464921909,118.89781440194187,119.11250305175781,112966300
2021-03-04,118.81000154074016,120.61532656382595,115.75558693292824,117.22911834716797,178155000
2021-03-05,118.05856054490097,118.99537743110061,114.73090214987084,118.48793029785156,153766600
2021-03-08,118.0097916939266,118.0781010413507,113.40376871001352,113.5501480102539,154376600
2021-03-09,116.15567868178947,119.11250946582403,115.92147625354262,118.16593170166016,129525800
2021-03-10,118.75143154135017,119.2198363292163,116.56551771410868,117.08272552490234,111943300
2021-03-11,119.58090377809478,120.23472282472085,118.33181442180619,119.01490783691406,103026500
2021-03-12,117.49259196824357,118.24399479427487,116.28253747320228,118.10737609863281,88105100
2021-03-15,118.47819524715763,121.00564836102156,117.51209640376013,120.99588775634766,92403800
2021-03-16,122.66459306472457,124.14789226969461,121.70826227679905,122.53773498535156,115227900
2021-03-17,121.05444515870833,122.82073491932013,119.38573166517871,121.74729919433594,111932600
2021-03-18,119.91270439580465,120.20546300637888,117.41452538083813,117.61945343017578,121229700
2021-03-19,117.00466041109058,118.49771283246503,116.78997177230154,117.09248352050781,185549500
2021-03-22,117.42427276940472,120.87878973760397,117.35596342731434,120.4103775024414,111912300
2021-03-23,120.35183373308179,121.23985521691415,119.19056742444849,119.5809097290039,95467100
2021-03-24,119.85414272084951,119.93221266793454,117.17054971237121,117.1900634765625,88530500
2021-03-25,116.65336116382848,118.72217030027896,116.12640013534126,117.6780014038086,98844700
2021-03-26,117.44377912870549,118.54649658241553,116.04831056099164,118.28301239013672,94071200
2021-03-29,118.71239516993987,119.61993781154605,117.81461313280423,118.45867156982422,80819200
2021-03-30,117.20960488138546,117.4926029044599,115.98978966735486,117.00467681884766,85671900
2021-03-31,118.7123990051535,120.53723750663126,118.22447299809998,119.20032501220703,118323800
2021-04-01,120.6738663324064,121.18130611520114,119.53211379208796,120.02980041503906,75089100
2021-04-05,120.87880081066227,123.1135029854138,120.09811616226364,122.85977935791016,88651200
2021-04-06,123.44527518865387,124.0600592543952,122.6158024965763,123.16227722167969,80171300
2021-04-07,122.79144922016141,124.83097616492763,122.11810901104752,124.81146240234375,83466700
2021-04-08,125.83609667016256,127.2413257567115,125.41648751004146,127.21205139160156,88844600
2021-04-09,126.66560631746748,129.82735761061758,126.34357333569822,129.788330078125,106686700
2021-04-12,129.31990535224077,129.6419382844939,127.47554575138676,128.07081604003906,91420000
2021-04-13,129.2418409105608,131.4082335358879,128.7441468621112,131.18377685546875,91266500
2021-04-14,131.68146867778168,131.7400174141813,128.48067537183306,128.84173583984375,87222800
2021-04-15,130.58853344102718,131.74003175643296,130.41287232238494,131.25210571289062,89347100
2021-04-16,131.05692202436683,131.41798248691907,130.06154884966244,130.92030334472656,84922400
2021-04-19,130.28597753343655,132.1986537464163,130.12008450271816,131.5838623046875,94264200
2021-04-20,131.75954129528387,132.25722045509355,128.6270498214987,129.89566040039062,94812300
2021-04-21,129.16378953467097,130.5202234103885,128.12938865121586,130.27626037597656,68847100
2021-04-22,129.8273652126756,130.9105617092093,128.2367363124183,128.75393676757812,84566500
2021-04-23,128.96861767310645,131.85713156314563,128.96861767310645,131.0764617919922,78657500
2021-04-26,131.57412593099494,131.79856771997257,130.33478973127393,131.46678161621094,66905100
2021-04-27,131.74976832594788,132.14011804581892,130.87150751429678,131.14474487304688,66015800
2021-04-28,131.0667075414383,131.7595691601595,129.86641349610298,130.35433959960938,107760100
2021-04-29,133.17450095202088,133.76001800843707,129.2515724107939,130.25669860839844,151101000
2021-04-30,128.59778738715457,130.3348029182655,127.90494074098223,128.2855224609375,109839500
2021-05-03,128.85147530654447,130.83246831624223,128.64655475092198,129.3394012451172,75135100
2021-05-04,128.0220375212291,128.31479612503944,123.64045629537989,124.76268768310547,137564700
2021-05-05,126.08007345167024,127.29988843260809,124.8797796797169,125.00664520263672,84000900
2021-05-06,124.80170829812977,126.61679356449366,124.06005871360824,126.60704040527344,78128300
2021-05-07,127.90713017156261,128.307897749906,126.56793194976201,127.28152465820312,78973300
2021-05-10,126.49949953688905,126.62656562079775,123.95796904017148,123.9970703125,88071200
2021-05-11,120.72243768449367,123.43013604181222,120.0088523827375,123.07823944091797,126142800
2021-05-12,120.62469358610521,121.83680347682719,119.50055598507281,120.00885772705078,112172300
2021-05-13,121.77813468651334,123.31282429547134,121.46533194640105,122.15936279296875,105861300
2021-05-14,123.41058674145887,125.0137018854759,123.01958141071674,124.5835952758789,81918000
2021-05-17,123.96776325099312,124.07528990021518,122.35487097046837,123.43013000488281,74244600
2021-05-18,123.7135780178196,124.13390732667109,121.97361260930087,122.04203796386719,63342900
2021-05-19,120.39007750331018,122.11048890947326,120.09682166067931,121.88566589355469,92612000
2021-05-20,122.41354750232011,124.84754465640827,122.28646646366246,124.44676208496094,76857100
2021-05-21,124.94527129274346,125.12122331133726,122.39397075203622,122.60902404785156,79295400
2021-05-24,123.1759960023181,125.06258996981754,123.1075706235096,124.2414779663086,63092900
2021-05-25,124.94528949452591,125.4340518020938,123.47902494524365,124.04598236083984,72009500
2021-05-26,124.10459694695213,124.52492630222726,123.57674095722487,123.9970703125,56575900
2021-05-27,123.59632476739549,124.76933338548339,122.26691102273217,122.46240997314453,94625600
2021-05-28,122.74586517662357,122.97069563858864,121.74880878787852,121.80745697021484,71311100
2021-06-01,122.2668967957017,122.53082109382872,121.15253650084358,121.4848861694336,67637100
2021-06-02,121.4848886960278,122.42329699238253,121.26006567031901,122.24734497070312,59278900
2021-06-03,121.87589598051592,122.04207082094376,120.36075313288092,120.76153564453125,76229200
2021-06-04,121.27962561409095,123.32262472191542,121.06457229139289,123.0586929321289,75169300
2021-06-07,123.33239051007368,123.47901844884905,122.02253116137574,123.06846618652344,71057600
2021-06-08,123.75270614592999,125.57088194290174,123.37147802234419,123.88955688476562,74403800
2021-06-09,124.34899265629532,124.87684872392028,123.6745086602513,124.27079010009766,56877900
2021-06-10,124.1632572111759,125.30694902913476,123.10755258677628,123.27372741699219,71186400
2021-06-11,123.68428231014268,124.57381958141005,123.26395290484824,124.48583984375,53522400
2021-06-14,124.94529159561948,127.60411175847095,124.21215930864992,127.54546356201172,96906500
2021-06-15,127.01759820560862,127.66275811320399,126.47996494927916,126.7243423461914,62746300
2021-06-16,127.43792318066122,127.94623235462356,125.57089115999193,127.22286987304688,91815000
2021-06-17,126.8807541337841,129.56890564121335,126.73411873855628,128.82598876953125,96721700
2021-06-18,127.7702791806661,128.5522748841205,127.31084850130004,127.5259017944336,108953300
2021-06-21,127.36953476897939,129.43208112207495,126.30405262619024,129.32455444335938,79663300
2021-06-22,129.15835197662773,131.06449276893142,128.65981252013916,130.96673583984375,74783600
2021-06-23,130.76145650954527,131.29908974446735,130.23359300049012,130.69302368164062,60214200
2021-06-24,131.42616459271213,131.6118938058328,129.9403458033597,130.40956115722656,68711000
2021-06-25,130.45843681394894,130.87875877934593,129.82304662928087,130.11630249023438,70783700
2021-06-28,130.40955023475712,132.20816419376467,130.3509020493391,131.7487335205078,62111300
2021-06-29,131.76829700396732,133.42029061372372,131.32842066728736,133.26388549804688,64556100
2021-06-30,133.1074740660687,134.319591281627,132.81421821699357,133.8797149658203,63261400
2021-07-01,133.52780965332033,134.24138744394435,132.70669030063868,134.1827392578125,52485800
2021-07-02,134.79855843644995,136.85133441897935,134.65193797296,136.81224060058594,78852600
2021-07-06,136.91975675935547,139.9304727602518,136.91975675935547,138.82589721679688,108181800
2021-07-07,140.3117243665474,141.6313683204944,139.45152604310684,141.31857299804688,104911600
2021-07-08,138.39580890191343,140.82002849752848,137.50627159938102,140.0184783935547,105575500
2021-07-09,139.53946698760842,142.37423828416007,139.44171008126813,141.8463897705078,99890800
2021-07-12,142.92168530949897,143.02921196222175,140.76138252865485,141.25013732910156,76299700
2021-07-13,140.79069576168808,144.1435611902038,140.3996979177406,142.36448669433594,100827100
2021-07-14,144.76917436169552,146.20611463354894,144.35860721349817,145.79554748535156,127050800
2021-07-15,145.88352652438826,146.626428391954,143.7818721014033,145.14060974121094,106820300
2021-07-16,145.12107770714312,146.39182821899888,142.5991012200298,143.09762573242188,93251400
2021-07-19,140.5170272611207,140.82983754217113,138.4838051811381,139.2462615966797,121434600
2021-07-20,140.2335185818673,143.79165254365046,139.7447638348333,142.86300659179688,96350000
2021-07-21,142.25697909961474,142.8434908596877,141.3772263751189,142.12989807128906,74993500
2021-07-22,142.65778456728924,144.86695137615578,142.53070351853833,143.49844360351562,77338200
2021-07-23,144.2314863303344,145.37517031149676,143.61565075755206,145.21876525878906,71447400
2021-07-26,144.9353520535012,146.46026463758602,144.37816442398642,145.63916015625,72434100
2021-07-27,145.76622426436333,145.85421146271116,142.27652280868347,143.46908569335938,104818600
2021-07-28,141.5531702418983,143.66459466880622,139.33421915670488,141.71934509277344,118931200
2021-07-29,141.43585562825191,143.25402394226987,141.3283289838246,142.36448669433594,56699500
2021-07-30,141.13283410460213,143.03897475076792,140.86890234879084,142.5795440673828,70440600
2021-08-02,143.06832751008895,143.64505468245218,141.9832910916965,142.24722290039062,62880000
2021-08-03,142.53063391308058,144.7104755562565,141.91479825833053,144.0457763671875,64786600
2021-08-04,143.95782973398676,144.46612394001684,142.99008994933277,143.64501953125,56368300
2021-08-05,143.67436091646556,144.51501979299104,142.88258050445233,143.7525634765625,46397700
2021-08-06,143.2728671370131,144.01688208379585,142.56800458197282,143.06727600097656,54126800
2021-08-09,143.12599828625463,143.6154852947151,142.46030312496822,143.018310546875,48908700
2021-08-10,143.36095456781464,144.60425572712768,142.24492480830875,142.5386199951172,69023100
2021-08-11,142.97917458892059,143.6350854630747,142.4701038589951,142.7931671142578,48493500
2021-08-12,143.11621825238865,145.91608462298464,142.77357136091953,145.7594451904297,72282600
2021-08-13,145.8377859484882,146.2979050117812,145.15250700463497,145.96505737304688,59375000
2021-08-16,145.41679586878547,148.01108601151154,143.39032739407136,147.9425506591797,103296000
2021-08-17,147.07125687869845,148.49076616255022,145.95522713866825,147.0321044921875,92229700
2021-08-18,146.65034281258323,147.55099731267805,143.07707790614015,143.2826690673828,86326000
2021-08-19,141.98063903235334,144.88819384716103,141.46178385753223,143.6155242919922,86960300
2021-08-20,144.33992722362586,145.3776372611406,143.69380080624433,145.07415771484375,60549600
2021-08-23,145.1916223483051,147.03209813181013,144.78045508691804,146.56219482421875,60131800
2021-08-24,146.30768202395666,147.68803914447207,146.01398679478913,146.47410583496094,48606400
2021-08-25,146.6600638441381,147.15935004670575,144.69233186694728,145.2405548095703,58991300
2021-08-26,145.23078659662303,145.98458575756337,144.40843715330078,144.43780517578125,48597200
2021-08-27,144.37909428379132,145.62239555790586,143.7427671019152,145.47555541992188,55802400
2021-08-30,145.8671589433328,150.26275857372073,145.48535959462373,149.90052795410156,90956700
2021-08-31,149.45019988712295,149.587255672955,148.10899512080897,148.6376495361328,86453100
2021-09-01,149.61665421161553,151.7214431242204,149.13695139440583,149.30337524414062,80313700
2021-09-02,150.63473278654652,151.46686670695442,149.1956397332981,150.4193572998047,71115500
2021-09-03,150.5270706537238,151.3787883827347,149.87115971903515,151.05572509765625,57808700
2021-09-07,151.71159511960602,153.95343890560181,151.1437884327087,153.3954315185547,82278300
2021-09-08,153.67937088285103,153.7381069467454,150.74244818444078,151.84869384765625,74420200
2021-09-09,152.22067721794593,152.8276363360627,150.71304884732544,150.83053588867188,57305700
2021-09-10,151.74101276076019,152.21091623055125,145.5734718351498,145.83779907226562,140893200
2021-09-13,147.462872426403,148.2362553872636,145.6223963511956,146.40557861328125,102404300
2021-09-14,147.18873787623096,147.8936003081731,143.8210651320534,145.005615234375,109296300
2021-09-15,145.43639585173057,146.2978978750979,143.29244009500678,145.89651489257812,83281300
2021-09-16,145.3189280621593,145.83778317678434,144.12457838073104,145.66156005859375,68034100
2021-09-17,145.69094622198233,145.69094622198233,142.69527265072225,142.9889678955078,129868800
2021-09-20,140.77645799540764,141.79458433792297,138.29965507938874,139.93453979492188,123478900
2021-09-21,140.90373264714654,141.5596584283987,139.77791842647125,140.41424560546875,75834000
2021-09-22,141.41278322846554,143.35114745502966,140.67855277043824,142.78335571289062,76404300
2021-09-23,143.56654423015996,143.98751085632557,142.57778577756685,143.74276733398438,64838200
2021-09-24,142.59736960568088,144.36931031939181,142.4994662214484,143.83087158203125,53477900
2021-09-27,142.41137995898362,142.89108270101565,140.79607848273122,142.3134765625,74150700
2021-09-28,140.23804551701713,141.7065067266194,138.71084824910437,138.9262237548828,108972300
2021-09-29,139.4744577228724,141.41282248756633,139.04370667783795,139.82688903808594,74602000
2021-09-30,140.63942904371518,141.344291622089,138.30946580198176,138.52484130859375,89056700
2021-10-01,138.91641944607758,139.91497721524382,136.18508826736803,139.65065002441406,94639600
2021-10-04,138.7793853125862,139.21993567866247,135.36277471551017,136.2144775390625,98322000
2021-10-05,136.55711770997038,139.2492967831214,136.42984628272845,138.14305114746094,80861100
2021-10-06,136.5375396085011,139.16118342378243,135.46066196016233,139.01434326171875,83221100
2021-10-07,140.05204653772714,141.18766019383065,139.7191988951329,140.27720642089844,61732700
2021-10-08,141.00167733696696,141.1485175173034,139.56258381781655,139.8954315185547,58773200
2021-10-11,139.27864208058458,141.76522959139172,138.8283074455151,139.80728149414062,64452200
2021-10-12,140.2184588719824,140.23804253698972,138.07450316144806,138.5346221923828,73035900
2021-10-13,138.27031362663757,138.4269381369984,136.2731980054475,137.94725036621094,78762700
2021-10-14,139.12203364018546,140.8548222748978,138.53464310497256,140.73733520507812,69907100
2021-10-15,140.7470918018334,141.85332222974756,140.49254900942697,141.79458618164062,67940300
2021-10-18,140.43384767473086,143.75256965473264,140.1499517260529,143.4686737060547,85589200
2021-10-19,143.91898215404882,146.03356986995644,143.4686624173773,145.63218688964844,76378900
2021-10-20,145.57343525852468,146.60136097751123,145.00562852862774,146.1216583251953,58418800
2021-10-21,145.68117088609765,146.4937213905625,144.76093260542746,146.3370819091797,61421000
2021-10-22,146.5426337568644,147.02232150012944,145.51470797593214,145.56365966796875,58883400
2021-10-25,145.55384660101817,146.22934104854468,144.51613655500375,145.5146942138672,50720600
2021-10-26,146.190204285219,147.6684497999659,145.87692540269924,146.180419921875,60893400
2021-10-27,146.2195931401995,146.58180882899126,145.36789033121931,145.72032165527344,56094900
2021-10-28,146.66989720733233,149.94945126434328,146.5719938285733,149.36207580566406,100077900
2021-10-29,144.12455951269104,146.7873700992779,143.3315929295454,146.6503143310547,124953200
2021-11-01,145.85738622241698,146.55244960962315,144.69240441623955,145.82801818847656,74588300
2021-11-02,145.5342868243143,148.3831049138377,145.5244875234558,146.86569213867188,69122000
2021-11-03,147.2279168080061,148.77469770489486,146.66990932924497,148.30479431152344,54511500
2021-11-04,148.39292424372576,149.22504342505385,147.47268602369996,147.7859649658203,60394600
2021-11-05,148.9133997765836,149.2173222899692,147.11926062749689,148.3153533935547,65463900
2021-11-08,148.44279798435025,148.5996660295044,147.21729443113375,147.49180603027344,55020900
2021-11-09,147.25650687845393,148.46239820996468,147.11925107616622,147.85455322265625,56787900
2021-11-10,147.08003104634736,147.18787595185904,144.9525587828528,145.02117919921875,65187100
2021-11-11,146.0408184691879,146.50159405628088,144.7858890294142,144.97216796875,41000000
2021-11-12,145.52121785210946,147.45261306165483,144.58983794450572,147.0506591796875,63804000
2021-11-15,147.42316906541586,148.90358691602947,146.5015880097449,147.0604248046875,59222800
2021-11-16,147.0016078768631,148.52123530858523,146.41336017433824,148.04083251953125,59256200
2021-11-17,148.04081688648543,151.96242792983602,148.03101824439025,150.48202514648438,88807000
2021-11-18,150.69770497748678,155.56049397195753,150.05063560781477,154.7761688232422,137827700
2021-11-19,154.56049419168397,157.86446177371923,153.4624478516477,157.40367126464844,117305600
2021-11-22,158.51151062719015,162.45273390045784,157.84484393287838,157.8644561767578,117467900
2021-11-23,157.96248573911777,158.62916738585517,155.94285847475925,158.24681091308594,96041900
2021-11-24,157.59976712302952,158.96252656383666,156.5115192990928,158.76644897460938,69463600
2021-11-26,156.44289044282164,157.30563478087385,153.29579070221752,153.73696899414062,76959800
2021-11-29,156.24680128961487,158.0311417015208,155.67816582735122,157.09976196289062,88748200
2021-11-30,156.85468549511577,162.27631303141865,156.78605010261836,162.0606231689453,174048100
2021-12-01,164.19786850812946,166.96261178270726,161.30568303306615,161.54098510742188,152052500
2021-12-02,155.6291840170596,160.98217624012287,154.70760276553068,160.55079650878906,136739200
2021-12-03,160.8057438770306,161.7273253177033,156.59000694616944,158.66845703125,118023100
2021-12-06,161.0704018625744,164.59005999270414,161.06060321811478,162.08023071289062,107497000
2021-12-07,165.76654109310675,168.21754859396336,165.04103748733866,167.82537841796875,120405400
2021-12-08,168.75675548519916,172.51170037671412,167.3547715631022,171.64894104003906,116998900
2021-12-09,171.48227664120193,173.28621440591945,170.5116723744327,171.13912963867188,108923700
2021-12-10,171.776375163048,176.10975359233288,171.26656153614417,175.9332733154297,115402700
2021-12-13,177.57056250136455,178.5607789713786,172.09011406463858,172.29600524902344,153237000
2021-12-14,171.81561944442183,174.25682821034476,168.83520101609776,170.9136505126953,139380400
2021-12-15,171.6783640596761,175.9823324841572,168.93323276156414,175.7862548828125,131063300
2021-12-16,175.76663371395836,177.59018373746022,167.40379803106163,168.8842010498047,150185800
2021-12-17,166.59983885479875,170.07047310742206,166.3645517595425,167.7861328125,195432700
2021-12-20,164.98220734461725,167.23713712314685,164.17828470413107,166.42340087890625,107499100
2021-12-21,168.19793052968907,169.80579079626787,165.8057448980021,169.59991455078125,91185900
2021-12-22,169.64891396436306,172.4136573675495,168.77635596770887,172.19796752929688,92135300
2021-12-23,172.4038429011369,173.38424572693862,171.8352074670007,172.82540893554688,68356600
2021-12-27,173.61954034677024,176.88428369318993,173.599943060433,176.79605102539062,74919600
2021-12-28,176.62940424561387,177.77647393560375,175.03134260309423,175.7764434814453,79144300
2021-12-29,175.8156619193921,177.0901887398254,174.6489800212977,175.86468505859375,62348900
2021-12-30,175.95289469651084,177.0313437787025,174.5999340224449,174.70777893066406,59773000
2021-12-31,174.59994765921613,175.71760635907094,173.7862114626908,174.09014892578125,64062300
2022-01-03,174.34506836720536,179.2961065398854,174.22742479359925,178.44314575195312,104487900
2022-01-04,179.05097865451486,179.35490114678188,175.60975505040156,176.1783905029297,99310400
2022-01-05,176.09018854441808,176.6392118468071,171.21758429607112,171.49209594726562,94537600
2022-01-06,169.31558203356892,171.8646356206371,168.27635732737943,168.62930297851562,96904000
2022-01-07,169.50183540964022,170.727338880113,167.67828564718639,168.7959442138672,86709100
2022-01-10,165.7665135929736,169.119489502726,164.87434342032694,168.81556701660156,106765600
2022-01-11,168.94303442923228,171.74697235390423,167.4724300834058,171.64894104003906,76138300
2022-01-12,172.6685372139698,173.70776179361494,171.39402553539196,172.09010314941406,74805200
2022-01-13,172.33520961359125,173.15874440691425,168.42339690566672,168.81556701660156,84505800
2022-01-14,167.98225196839815,170.37443776083572,167.73715121031663,169.67835998535156,80440800
2022-01-18,168.14890807010434,169.1587219328493,166.0900708080933,166.47242736816406,90956700
2022-01-19,166.66850497918634,167.72734198246087,162.68807131265714,162.97238159179688,94815000
2022-01-20,163.7076835662155,166.35476859042288,160.9625522612085,161.2860870361328,91420500
2022-01-21,161.197822824496,163.07039571920242,159.1193737240524,159.2272186279297,122848900
2022-01-24,156.88410755310724,159.1194254143862,151.6683559036137,158.45274353027344,162294600
2022-01-25,155.86444788627315,159.5703696285005,153.942866591661,156.64877319335938,115798400
2022-01-26,160.29587965880856,161.1684376714049,154.72719817611775,156.560546875,108275300
2022-01-27,159.26644379654334,160.62920319221885,155.17816560951687,156.09974670410156,121954600
2022-01-28,162.4625632621154,167.01163189910224,159.6095873711376,166.9920196533203,179935700
2022-01-31,166.82537099995082,171.57051772849903,166.1881001011021,171.35482788085938,115541600
2022-02-01,170.59989317993646,171.41362933410613,168.93321134020488,171.18814086914062,86213900
2022-02-02,171.32542255843316,172.4332827246188,169.93325210735014,172.39405822753906,84914300
2022-02-03,171.06071151115776,172.7862303680274,168.746959829252,169.5116729736328,89418100
2022-02-04,168.53001022690665,170.90562127726093,167.54835821492657,169.22698974609375,82465400
2022-02-07,169.68835531132382,170.75835233330088,167.8133965069876,168.5103759765625,77251200
2022-02-08,168.57912565086542,172.13271674858726,168.2846269994,171.62225341796875,74829200
2022-02-09,172.81983276089403,173.40881495712398,171.6909240051843,173.0456085205078,71285000
2022-02-10,170.94487045999796,172.26028048182204,168.40239549718422,168.96192932128906,90865900
2022-02-11,169.16808987950634,169.90432887481495,164.95679443820137,165.54579162597656,98670700
2022-02-14,164.2990984096048,166.46855602542965,163.50396264767951,165.78140258789062,86185500
2022-02-15,167.8330754925129,169.7767426273452,167.1262847200605,169.6196746826172,62527400
2022-02-16,168.69692548039376,170.15957757586978,166.92994864069578,169.3840789794922,61177400
2022-02-17,167.89194849865083,168.75580709374077,165.37892165346722,165.78140258789062,69589300
2022-02-18,166.70417532727691,167.4109510948633,163.14077322903105,164.23040771484375,82772700
2022-02-22,161.95294792646703,163.63157949063682,159.17487088048674,161.30506896972656,91162800
2022-02-23,162.50266399183914,163.1014723054739,156.81890555489676,157.13304138183594,90009200
2022-02-24,149.78048479427957,159.86205643085455,149.21112475761413,159.7540740966797,141147500
2022-02-25,160.83386973446065,162.09038317154068,157.91836192123637,161.82534790039062,91974200
2022-02-28,160.06817702982372,162.38487641130448,159.44973145996255,162.0903778076172,95056600
2022-03-01,161.67809026330085,163.5432381527931,158.99818435052663,160.2056121826172,83474400
2022-03-02,161.37376901896334,164.2892766091773,159.96018776566925,163.5039520263672,79724800
2022-03-03,165.3789138092183,165.81084308627598,162.51249176371445,163.1800079345703,76678400
2022-03-04,161.4719352294381,162.51248390357455,159.1257876596409,160.1761474609375,83737200
2022-03-07,160.3626714753167,161.99221739182056,156.121927641353,156.37716674804688,96418800
2022-03-08,155.90596926887457,159.89147377341504,152.94137619759366,154.55128479003906,131148300
2022-03-09,158.51714506516998,160.4117410265014,156.4851334154229,159.96017456054688,91454900
2022-03-10,157.26064889872916,157.447165177113,153.11807622105542,155.61148071289062,105342000
2022-03-11,156.01394178449013,156.3575259685623,151.665230708696,151.89100646972656,96970100
2022-03-14,148.67117238387235,151.29218107346347,147.3459513496218,147.8563995361328,108732100
2022-03-15,148.13130557762204,152.7156343655335,147.62085723702054,152.2444305419922,92964300
2022-03-16,154.16846031293665,157.0643309184818,151.62598505111097,156.66184997558594,102300200
2022-03-17,155.6998279417029,158.04597567713608,154.73781315339022,157.67294311523438,75615400
2022-03-18,157.56496442177837,161.46212424049523,156.82872538769567,160.97129821777344,123511700
2022-03-21,160.50992724401203,163.29783055310392,160.01910120084528,162.3456268310547,95811400
2022-03-22,162.4731929263205,166.31145526950652,161.8842108013452,165.72247314453125,81532000
2022-03-23,164.90773681905242,169.4724129582103,164.57396373096856,167.08700561523438,98062700
2022-03-24,167.92140774440355,170.94489804434284,167.0870124371813,170.87619018554688,90131400
2022-03-25,170.68969793192147,172.06400508965652,169.58042609679094,171.5142822265625,80546200
2022-03-28,169.01103833923784,172.5057173789197,168.8441592815926,172.37811279296875,90371900
2022-03-29,173.44808328507239,175.7255079917634,173.10449911531725,175.6764373779297,100589400
2022-03-30,175.27397290735905,176.31452166228107,173.45791066079582,174.50828552246094,92633200
2022-03-31,174.57698164903633,174.76349791877144,171.200096496919,171.40625,103049300
2022-04-01,170.83690924745642,171.67131950192206,168.78526000762312,171.1117706298828,78751300
2022-04-04,171.36698173645647,175.21505544007368,171.23936219447407,175.1659698486328,76468400
2022-04-05,174.2432406248137,175.02856526846452,171.21975048299214,171.84800720214844,73401800
2022-04-06,169.19753570311426,170.44423791053993,167.00845598396842,168.67726135253906,89058800
2022-04-07,168.0195678303507,170.17919933632717,166.73360604638012,168.98158264160156,77594700
2022-04-08,168.6281714448174,168.6281714448174,166.09550760626425,166.96917724609375,76575500
2022-04-11,165.61452852614607,165.92864940184566,162.46341876782265,162.70883178710938,72246700
2022-04-12,164.93716605572558,166.75321318939567,163.5824815614611,164.58377075195312,79265200
2022-04-13,164.3187163524491,167.90173991390134,163.71009694763094,167.2734832763672,70618900
2022-04-14,167.4894547350742,168.12753750441655,162.01183493170848,162.2572479248047,75329400
2022-04-18,160.91239673580466,163.54323192882495,160.56882751734665,162.0413055419922,69023900
2022-04-19,161.99221543879506,164.7408440040976,160.90258113171808,164.3285369873047,67723800
2022-04-20,165.663608695201,165.78141713684764,163.05242540339555,164.16168212890625,67929800
2022-04-21,165.81083486701775,168.38275818896258,162.865879009956,163.36651611328125,87227800
2022-04-22,163.40581593701359,164.78993402071836,158.5368149070802,158.8214874267578,84882400
2022-04-25,158.16377751272768,160.1761672620124,155.55259437743032,159.89149475097656,96046400
2022-04-26,159.27306658349588,159.36141168498818,153.84453121350143,153.92306518554688,95623200
2022-04-27,153.0493716898695,156.85817138310125,152.52909731194325,153.697265625,88063200
2022-04-28,156.3280759248776,161.5013859909982,156.01394010524191,160.6375274658203,130216800
2022-04-29,158.87053962186658,163.1505424974972,154.36476100370217,154.75741577148438,131747600
2022-05-02,153.83471762858417,155.32681813716053,150.45783177864857,155.06178283691406,123055300
2022-05-03,155.2482493800242,157.7612909458003,153.4518394989138,156.55384826660156,88966500
2022-05-04,156.74038046635485,163.42542850637253,156.33789953237485,162.973876953125,108256500
2022-05-05,160.84366707784005,161.0694428169404,152.10695632876542,153.89356994628906,130525300
2022-05-06,153.37254446386834,156.7445658918497,151.57347999950738,154.62107849121094,116124600
2022-05-09,152.31079472594658,153.19558860822082,148.92896288962842,149.48931884765625,131577900
2022-05-10,152.89082298326753,154.09019917635914,150.3445974581009,151.89788818359375,115366700
2022-05-11,150.90497555260774,152.82200644382692,143.34497796029567,144.0233154296875,142689800
2022-05-12,140.3563740008872,143.7283801675573,136.45348852465227,140.14991760253906,182602000
2022-05-13,142.14558429881745,145.59625448116793,140.69060910842344,144.62298583984375,113990900
2022-05-16,143.08933883182712,145.02603526781456,141.74248981237693,143.07949829101562,86643800
2022-05-17,146.34339939395076,147.23801869280874,144.20024629343533,146.71697998046875,78336300
2022-05-18,144.36741964547258,144.86879239266452,137.53490151723796,138.43936157226562,109742900
2022-05-19,137.51522710531395,139.26513365262397,134.29067919785544,135.0279998779297,136095600
2022-05-20,136.73857261689477,138.3213549245238,130.36812621760984,135.26393127441406,137426100
2022-05-23,135.46057378592263,140.83810147349175,135.32294116689727,140.69064331054688,117726300
2022-05-24,138.42951103300464,139.5699040628069,135.0083469444269,137.98712158203125,104132700
2022-05-25,136.08971575030043,139.39291268865855,136.00124087715074,138.14439392089844,92482700
2022-05-26,135.067317332939,141.89981931591748,134.82154377239428,141.3492889404297,90601500
2022-05-27,142.93207874444667,147.1495466635664,142.80427168601537,147.1102294921875,90978500
2022-05-31,146.5498987721629,148.11301536783856,144.3575873194881,146.3237762451172,103718400
2022-06-01,147.36583831364814,149.17474333360954,145.18336763808455,146.1959686279297,74286600
2022-06-02,145.33083811208033,148.712685042506,144.37723540201858,148.65370178222656,72348100
2022-06-03,144.4165490295479,145.46846714813478,142.01781149904664,142.92225646972656,88570300
2022-06-06,144.54434106770898,146.05831455755788,142.45034559186539,143.6693878173828,71598400
2022-06-07,141.9096766255686,146.48105939148104,141.66390303598558,146.1959686279297,67808200
2022-06-08,146.06814706425965,147.33633206027957,144.9670862924701,145.45863342285156,53950200
2022-06-09,144.5935022148915,145.4487894010345,140.12042043523653,140.2285614013672,69473000
2022-06-10,137.9084627463307,138.38034379484614,134.7428980025847,134.8117218017578,91437900
2022-06-13,130.62372056907952,132.9143318379119,129.21790307407372,129.6504669189453,122207100
2022-06-14,130.8793648770148,131.6265112355856,129.2572500842336,130.51560974121094,84784300
2022-06-15,132.01973022353556,135.01817091312645,129.9257495131237,133.1404571533203,91533000
2022-06-16,129.84709891808183,130.1518557555823,126.85848380018383,127.86124420166016,108123900
2022-06-17,127.87110581235486,130.830214787561,127.61549164782572,129.33590698242188,134520300
2022-06-21,131.1644503344464,134.74291327638406,131.06614989697803,133.57302856445312,81000500
2022-06-22,132.5112679712454,135.4310591073431,131.64615522779903,133.0618133544922,73409200
2022-06-23,134.5069656450009,136.24703170777948,133.33708105988757,135.9324493408203,72433800
2022-06-24,137.53488121755194,139.51091028418583,137.40708916408835,139.26513671875,89116800
2022-06-27,140.2875481505987,141.06420101783954,138.58679927801467,139.26513671875,70207900
2022-06-28,139.72720035167993,140.99538542275212,134.99851907769516,135.11648559570312,67083400
2022-06-29,135.13616958742787,138.29189436889533,134.35951657209444,136.87623596191406,66242400
2022-06-30,134.9296996947126,136.0307605677301,131.50853555295868,134.40866088867188,98964500
2022-07-01,133.74012670784026,136.68940927123788,133.3665611170388,136.58126831054688,71051600
2022-07-05,135.44091845782265,139.2159973193288,134.61510776869383,139.16683959960938,73353800
2022-07-06,138.9604099493396,141.68357084268348,138.69497024103305,140.5038604736328,74064300
2022-07-07,140.8675435023666,144.0724397895783,140.85771796190696,143.87582397460938,66253700
2022-07-08,142.8042772492725,145.0555716697527,142.54867812328092,144.55418395996094,64547800
2022-07-11,143.2073310252046,144.16093360400728,141.34928357800885,142.4208526611328,63141600
2022-07-12,143.2958190916168,145.94034514627222,142.597830542374,143.39413452148438,77588800
2022-07-13,140.57267474752288,143.97417299746286,139.71737241231898,143.03041076660156,71185600
2022-07-14,141.6442086832549,146.43187245268066,140.82823872856787,145.95999145507812,78140700
2022-07-15,147.24788039896364,148.30962416813094,145.69458942189468,147.63128662109375,76259900
2022-07-18,148.19163331287257,149.00760334414767,144.2199241245172,144.58367919921875,81420900
2022-07-19,145.41930294883997,148.67334258980395,144.42638313418118,148.44723510742188,82982400
2022-07-20,148.5652193610668,151.12127077444447,147.8278985688421,150.4527587890625,64823400
2022-07-21,151.88805775611044,152.93997577721333,149.3713389403487,152.72369384765625,65086600
2022-07-22,152.76302623024424,153.63797957756256,150.8165036712,151.48500061035156,66675400
2022-07-25,151.40635064916066,152.4189365975324,149.70560167774437,150.36427307128906,53623900
2022-07-26,149.68594024499822,150.50191035513055,148.25063089528444,149.037109375,55138700
2022-07-27,150.00050995604346,154.6702072541214,149.58761220557574,154.1393280029297,78620700
2022-07-28,154.32615575764223,154.9750016662387,151.7996109329514,154.68991088867188,81378700
2022-07-29,158.51411543428287,160.8637099904221,156.80352611275504,159.76263427734375,101786900
2022-08-01,158.28802433199732,160.82440969031893,158.17005780397355,158.77957153320312,67829400
2022-08-02,157.39337573631735,159.66432076960265,156.93132029655163,157.3048858642578,59907000
2022-08-03,158.12087978749662,163.77367187577843,158.0324049028353,163.3214569091797,82507500
2022-08-04,163.2034670413035,164.36352602829535,161.65017636428277,163.00685119628906,55474100
2022-08-05,160.67369781797885,163.2726712063917,160.46695464111716,162.7804412841797,56697000
2022-08-08,163.78459702908208,165.20222176015508,161.64832074077538,162.3079071044922,60276900
2022-08-09,161.47113919370653,163.24317026155526,160.7131007604691,162.35714721679688,63135500
2022-08-10,165.07423053223724,166.70843758837208,164.30635300401312,166.61000061035156,70170500
2022-08-11,167.41725259761515,168.3328081399825,165.5763173430876,165.8716583251953,57149200
2022-08-12,167.18100008673593,169.49447201390402,166.7675136783622,169.42556762695312,68039400
2022-08-15,168.85455011811328,170.6954851482581,168.68719375370597,170.49859619140625,54091700
2022-08-16,170.09497999617207,171.01053551269388,168.992389717206,170.34109497070312,56377100
2022-08-17,170.08515631971287,173.41262086416253,169.8882673264615,171.83749389648438,79542000
2022-08-18,171.04991709522415,172.18204003423804,170.4297025169527,171.44369506835938,62290100
2022-08-19,170.34106675601168,171.0400397774375,168.6477948099723,168.8545379638672,70346300
2022-08-22,167.052976982108,167.22033333660877,164.54260162126909,164.96592712402344,69026800
2022-08-23,164.4835626089626,166.0882370598649,164.06023703885776,164.6312255859375,54147100
2022-08-24,164.71980081006782,165.49751734746278,163.66642174244024,164.92652893066406,53841500
2022-08-25,166.15713573322356,167.49600175790545,165.73382519932846,167.38771057128906,51218200
2022-08-26,167.91930837052172,168.3918448489658,161.0182358432931,161.07730102539062,78961000
2022-08-29,158.64569477233294,160.36849946589015,157.33637642429446,158.87213134765625,73314000
2022-08-30,159.6104987851323,160.03380935929164,155.26902673828752,156.44053649902344,77906200
2022-08-31,157.81877207178803,158.0845804641707,154.69803583504827,154.77679443359375,87991100
2022-09-01,154.20578537018633,155.95812264539694,152.26639832599292,155.50527954101562,74229900
2022-09-02,157.26747699870455,157.86799816901853,152.56175963985066,153.38870239257812,76957800
2022-09-06,154.03844040820118,154.64880073393257,151.30164311185825,152.1285858154297,73714800
2022-09-07,152.41407808901712,154.2353197614945,151.22287508520006,153.53636169433594,87449600
2022-09-08,152.23687268905203,153.93014485598613,150.30732474708108,152.05967712402344,84923800
2022-09-09,153.05395573564041,155.36744211450377,152.34514352686796,154.92442321777344,68028800
2022-09-12,157.10995164172124,161.7073775664421,156.82446488060694,160.89027404785156,104956000
2022-09-13,157.41511914732905,158.04517283101427,150.98659772699438,151.4492950439453,122656600
2022-09-14,152.38456095494288,154.65867623529226,151.2229053335967,152.896484375,87965400
2022-09-15,152.2467343665888,152.8275771883029,149.0275609531104,150.00216674804688,90481100
2022-09-16,148.86020800935316,148.99803181293044,146.06433010273614,148.35812377929688,162278800
2022-09-19,146.98970508767258,152.15811955641868,146.78297692105565,152.07936096191406,81474200
2022-09-20,151.0161367015711,155.6234166633189,150.7011173572486,154.4617462158203,107689800
2022-09-21,154.8949011643533,156.27315389590652,151.21303113007994,151.33116149902344,101696800
2022-09-22,150.01200313979504,152.06952070873675,148.5648458969192,150.3664093017578,86652500
2022-09-23,148.84048424162157,149.11613179254852,146.25135007934554,148.09228515625,96029900
2022-09-26,147.3342661670832,151.38039679019585,147.31457276382835,148.42701721191406,93339400
2022-09-27,150.3664234461509,152.31565000946952,147.6197716771559,149.40164184570312,84442700
2022-09-28,145.34565069913458,148.29903022974963,142.58916013289422,147.51145935058594,146691400
2022-09-29,143.82957793472042,144.43993818318944,138.49379277972724,140.2658233642578,128138200
2022-09-30,139.0844755504192,140.87619954797051,135.85544869618502,136.05233764648438,124925300
2022-10-03,136.06222721595856,140.84670355770672,135.5503037948178,140.236328125,114311700
2022-10-04,142.77621059568105,143.9477202186119,142.01817230643195,143.82958984375,87830100
2022-10-05,141.83114535247526,145.0897052260287,140.7876052377075,144.1249237060547,79471000
2022-10-06,143.54411304208395,145.24722466977872,142.9632852357701,143.17001342773438,68402200
2022-10-07,140.32491832079495,140.87622852536393,137.282940601211,137.91299438476562,85925600
2022-10-10,138.2378692626953,139.68502664208134,136.4166273038199,138.2378692626953,74899000
2022-10-11,137.7259221748937,139.15340092464973,136.07203689531147,136.82022094726562,77033700
2022-10-12,136.96788662576586,138.17876788392184,136.01295948883356,136.19015502929688,70433700
2022-10-13,132.8922353283637,141.35858069211028,132.2818600306571,140.76791381835938,113224000
2022-10-14,142.06740859428484,142.27415178693437,136.04251869325435,136.2295684814453,88598000
2022-10-17,138.87777246163483,140.67932095242676,138.09020149670755,140.1969451904297,85250900
2022-10-18,143.22907894720203,144.42026703642762,138.4249097380949,141.51611328125,99136600
2022-10-19,139.48814370880504,142.69747799085852,139.30109390010128,141.62442016601562,61758300
2022-10-20,140.7974672692939,143.62286253921314,140.4332068704366,141.16171264648438,64522000
2022-10-21,140.6497525827841,145.55237270614919,140.43317024697296,144.98138427734375,86548600
2022-10-24,144.90265893368223,147.89541049964913,143.73114921809554,147.12753295898438,75981900
2022-10-25,147.7575758033074,150.12028846465364,147.03892431633474,149.9726104736328,74732300
2022-10-26,148.61406419672124,149.62805663114864,145.73942824213276,147.02908325195312,88194300
2022-10-27,145.76894614078407,146.73371238215424,141.89017275477124,142.5497589111328,109180200
2022-10-28,145.89694295512044,155.05242232533004,145.52285843662315,153.3197784423828,164762400
2022-10-31,150.77988145527678,151.84309994681692,149.55914577499016,150.9570770263672,97943200
2022-11-01,152.67003329657965,153.0342786292701,146.81250027183614,148.30886840820312,80379300
2022-11-02,146.63529551052576,149.80525751264736,142.7466820050657,142.77621459960938,93604600
2022-11-03,139.8523615595117,140.58086724418428,136.59380191372105,136.72178649902344,97918500
2022-11-04,140.11391633498357,140.685851940058,132.51114959895418,136.4555206298828,140814800
2022-11-07,135.2032111952328,137.21483428526327,133.78323487446542,136.988037109375,83374600
2022-11-08,138.457315240062,139.46311921929427,135.57792562085092,137.55996704101562,89908500
2022-11-09,136.57387654941147,136.6231842073022,132.71824941976038,132.99435424804688,74917800
2022-11-10,139.27577571396307,144.8274688720703,137.5599685390709,144.8274688720703,118854000
2022-11-11,143.7920579720531,147.92377412623946,142.36221138817493,147.6180877685547,93979700
2022-11-14,146.898256219997,148.19003547375948,145.37966477232854,146.2178497314453,73374100
2022-11-15,150.1030594439155,151.45400187502815,146.49395589081533,147.953369140625,89868300
2022-11-16,147.05603190661645,147.78573098764542,145.24160962263343,146.7207489013672,64218300
2022-11-17,144.39361431634185,149.37338778779454,144.11750943503958,148.62396240234375,80389400
2022-11-18,150.1918083587428,150.57638399086812,147.88435456599078,149.1859893798828,74829600
2022-11-21,148.07169232238655,148.27876337571863,145.66562358265233,145.9515838623047,58724100
2022-11-22,146.06993712168025,148.32808310350964,144.8866136770819,148.09141540527344,51804100
2022-11-23,147.3716198007479,149.71852633722136,147.26314895124904,148.96910095214844,58301400
2022-11-25,146.2474322409697,146.80951240345237,145.07397930940053,146.0502166748047,35195900
2022-11-28,143.1215132938763,144.6006525445557,141.38599532318216,142.2143096923828,69246000
2022-11-29,142.2833621487803,142.79613475713955,138.39816810033238,139.20675659179688,83763800
2022-11-30,139.43352808516767,146.6517352342591,138.595358159877,145.97132873535156,111380900
2022-12-01,146.1488515092609,147.05605527210508,144.5710966759583,146.24745178222656,71250400
2022-12-02,143.93014669455255,145.94176987503505,143.62444521311474,145.75440979003906,65447400
2022-12-05,145.71495034472244,148.82113692482218,143.74276456774905,144.59080505371094,68826400
2022-12-06,145.02469664926164,145.25149381357704,139.94630895435972,140.92254638671875,64727200
2022-12-07,140.21253541402993,141.37611767720244,138.05298980885266,138.97991943359375,69721100
2022-12-08,140.38022307533845,141.52409475387847,139.1377511085993,140.6661834716797,62128300
2022-12-09,140.36048819280174,143.54557973820909,138.94051172185388,140.18299865722656,76097000
2022-12-12,140.7154908969355,142.49046159392825,139.09829871669493,142.48060607910156,70462700
2022-12-13,147.42088296434414,147.88434781351052,142.23403992363941,143.44692993164062,93886200
2022-12-14,143.32862218685506,144.6204015969479,139.19689014923398,141.2183837890625,82291200
2022-12-15,139.14757356682156,139.827980094081,134.1382196907759,134.6016845703125,98931900
2022-12-16,134.78904899571134,135.7356898104224,131.8702072160859,132.6393585205078,160156900
2022-12-19,133.23101376151752,133.31975851229708,129.49372825060226,130.52911376953125,79592600
2022-12-20,129.56275008486864,131.39688354522443,128.0836106828586,130.46009826660156,77432800
2022-12-21,131.13063344213398,134.9073711645486,130.90383628158227,133.5662841796875,85928000
2022-12-22,132.48157930219233,132.68865037286486,128.4879002839557,130.39105224609375,77852100
2022-12-23,129.09929998620072,130.57843955760072,127.8371020889996,130.02622985839844,63814900
2022-12-27,129.55291134024313,129.58249292838534,126.92990018333715,128.2216796875,69007800
2022-12-28,127.86666981780208,129.20775681904706,124.1195211570346,124.28715515136719,85438400
2022-12-29,126.2100445910704,128.66541412512194,125.95366582047207,127.8075180053711,75703700
2022-12-30,126.6242266189888,128.14280346887438,125.6578520094042,128.12307739257812,77034200
2023-01-03,128.4681939201586,129.07956676089162,122.44316513126005,123.33065032958984,112117500
2023-01-04,125.12534263515172,126.87073149260826,123.3405166774151,124.60271453857422,89113600
2023-01-05,125.3619828345772,125.9930816643783,123.02494756660151,123.28132629394531,80962700
2023-01-06,124.25759364277924,128.47806338393755,123.15316666234692,127.8173828125,87754700
2023-01-09,128.65556861264022,131.55468474878427,128.08363280615177,128.3400115966797,70790800
2023-01-10,128.4484917902968,129.43458496707456,126.33825299385596,128.91195678710938,63896200
2023-01-11,129.4246914378982,131.6532559460779,128.64568467754964,131.633544921875,69458900
2023-01-12,132.0181218476768,132.3928269168101,129.61205277186403,131.55465698242188,71379600
2023-01-13,130.19384999657817,133.04365799858422,129.82900042275443,132.88587951660156,57809700
2023-01-17,132.95492042575748,135.38070076927318,132.26465833803292,134.0494842529297,63646600
2023-01-18,134.91723044564642,136.68233001992917,133.15211582478094,133.32962036132812,69672800
2023-01-19,132.21534095915428,134.35516079708475,131.90965456039046,133.3887939453125,58280400
2023-01-20,133.3986594670003,136.10055969629155,132.3534032973474,135.95263671875,80223600
2023-01-23,136.19917447397063,141.32687064316994,135.98223278773898,139.14759826660156,81760300
2023-01-24,138.35869358432294,141.16906439218428,138.34883807200805,140.54782104492188,66435100
2023-01-25,138.93063463423644,140.44921115138996,136.87955949987148,139.88714599609375,65799300
2023-01-26,141.17892492583348,142.24390711048304,139.9265826744515,141.95794677734375,54105100
2023-01-27,141.16907645645273,145.18246711281154,141.09018721144076,143.90054321289062,70555800
2023-01-30,142.94404030165967,143.5258315295515,140.863383580403,141.01129150390625,64015300
2023-01-31,140.71544123571715,142.33263284521934,140.30128406034757,142.2833251953125,65874500
2023-02-01,141.967813832125,144.57109881294525,139.35467333783802,143.40750122070312,77663600
2023-02-02,146.82923768896234,149.07752846410273,146.10939403157928,148.72254943847656,118339000
2023-02-03,145.97134140477755,155.19131670929613,145.774125819744,152.3513641357422,154357300
2023-02-06,150.44824855661597,150.9708767551774,148.68313328128804,149.6199188232422,69858300
2023-02-07,148.54504029445562,153.07120329051187,148.54504029445562,152.499267578125,83322600
2023-02-08,151.74001538718377,152.43027756762845,149.06769638917788,149.80726623535156,64120100
2023-02-09,151.64138491373802,152.1837390894266,148.32811173185976,148.7718505859375,56007100
2023-02-10,147.60648709847575,149.46316214008027,147.3694580195322,149.1372528076172,57450700
2023-02-13,149.07798723256394,152.34693578344766,149.04836048379,151.94203186035156,62199000
2023-02-14,150.23350151506878,151.86304832604316,148.98913264360064,151.30010986328125,61707600
2023-02-15,151.21121650909475,153.57157647071767,150.98407305919312,153.4036865234375,65573800
2023-02-16,151.6062554560653,154.39129073768956,151.44825113314346,151.8037872314453,68167900
2023-02-17,150.46064065840176,151.10257366904202,148.97924287733272,150.6581573486328,59144100
2023-02-21,148.33731221810694,149.4236767462983,146.56951728902385,146.63864135742188,58867200
2023-02-22,147.02381158820887,148.09041997762213,145.33502627380787,147.06332397460938,51011300
2023-02-23,148.22867140254277,148.47557105445037,145.41402441253163,147.54722595214844,48394200
2023-02-24,145.28565848787133,145.36466819935794,143.91289677361027,144.890625,55469600
2023-02-27,145.8781840387877,147.32006943922315,145.6213987790375,146.0855712890625,44998500
2023-02-28,145.2263730908277,147.2311969873109,145.0091001993268,145.5819091796875,50547000
2023-03-01,145.0091039171703,145.40413732845008,143.2116672358624,143.50794982910156,55479000
2023-03-02,142.58950014966683,144.89060684866965,142.11544194013547,144.10052490234375,52238100
2023-03-03,146.20407279147852,149.23600736765022,145.50288630750634,149.15699768066406,70732300
2023-03-06,151.88275935147126,154.36164111130708,151.55686512341583,151.92227172851562,87558000
2023-03-07,151.79387254523385,152.11978182875635,149.25575246867027,149.7199249267578,56182000
2023-03-08,150.9149591339657,151.5667779107922,149.9471166005195,150.97421264648438,47204800
2023-03-09,151.65564226284476,152.62348469471294,148.36693703717327,148.72247314453125,53833600
2023-03-10,148.34717096498875,149.0681136196498,145.7794089470896,146.6583709716797,68572400
2023-03-13,145.97695730432906,151.24086003469367,145.86832084762136,148.60397338867188,84457100
2023-03-14,149.4039106364519,151.49761478500946,148.23855155589501,150.69766235351562,73695900
2023-03-15,149.31503194180715,151.34948260848185,148.06077752387876,151.09271240234375,77167900
2023-03-16,150.27301025301884,154.51968735037045,149.7594547490333,153.91725158691406,76161100
2023-03-17,154.14438228182223,154.7962009363973,152.36670189187112,153.07777404785156,98944600
2023-03-20,153.14692183341302,155.86281797805782,152.23831786199295,155.44801330566406,73641400
2023-03-21,155.36901795458434,157.42320976774403,154.59867718770118,157.30470275878906,73938300
2023-03-22,157.32445173541882,160.12922799549253,155.85292447362312,155.8726806640625,75701800
2023-03-23,156.86027933820688,159.54654859691777,155.72453196517867,156.9590301513672,67622100
2023-03-24,156.88991856429575,158.35156031348998,155.89244937558198,158.26268005371094,59196500
2023-03-27,157.95651005912973,158.77621864094067,155.9121738846932,156.3170928955078,52390300
2023-03-28,156.0109545619661,156.5245100617194,154.04562789125012,155.69491577148438,45992200
2023-03-29,157.39358278783644,159.05275625859912,157.37384166607825,158.77622985839844,51305700
2023-03-30,159.5268183622626,160.45516356045198,159.27004812279844,160.34652709960938,49501700
2023-03-31,160.42552675181378,162.95377687892702,159.90210067407045,162.85501098632812,68749800
2023-04-03,162.23280658606208,164.22774466628186,162.18342364813336,164.10923767089844,56976200
2023-04-04,164.53393008377392,164.77094409936112,163.06240276891677,163.57595825195312,46278300
2023-04-05,162.6969833628771,163.0031364887197,159.7934413430479,161.7291259765625,51511700
2023-04-06,160.41564039126865,162.91427882271006,159.99098020805553,162.6179962158203,45390100
2023-04-10,159.4181788200064,160.02061462402344,158.0948001913657,160.02061462402344,47716900
2023-04-11,160.33665872023656,160.34652928242556,158.51946561689908,158.80587768554688,47644200
2023-04-12,159.22066874563276,160.0502480636464,157.79852416071756,158.11456298828125,50133100
2023-04-13,159.62558033741385,163.74386504702863,159.4181779828813,163.5068359375,68445600
2023-04-14,162.5488419808256,164.25739832506682,161.78840194622364,163.16116333007812,49386500
2023-04-17,163.04264500551295,163.33892759169828,161.99579292794192,163.180908203125,41516200
2023-04-18,164.04012619342146,165.33387789076258,163.5956947875371,164.40553283691406,49923000
2023-04-19,163.74384033117565,166.0745734796078,163.4870550672227,165.5511474609375,47720200
2023-04-20,164.03026014199096,165.78818457608216,163.50683405035483,164.58331298828125,52456400
2023-04-21,163.00313749199609,164.38576938158798,162.45008473615934,162.9735107421875,58337300
2023-04-24,162.95376899838274,163.54633418620037,161.85753394961128,163.27967834472656,41949600
2023-04-25,163.14141715156464,164.24752277490956,161.69951654722522,161.73902893066406,48714100
2023-04-26,161.03781003602157,163.23027992570658,160.78103984940847,161.7291259765625,45498800
2023-04-27,163.14137375954326,166.4695753749887,163.14137375954326,166.32144165039062,64902300
2023-04-28,166.40046934782268,167.7436038513408,165.79803368662212,167.57569885253906,55275900
2023-05-01,167.180693761707,168.33618234272492,166.54863124552048,167.48684692382812,52472900
2023-05-02,167.98064044655123,168.2374257243008,165.46226102978648,166.44985961914062,48425700
2023-05-03,167.39796271242133,168.80035091617836,165.08698560494395,165.37338256835938,65136000
2023-05-04,162.84513031273676,164.96846124572582,162.27232132426357,163.7339630126953,81235400
2023-05-05,168.85960390825258,172.13843848392673,168.64233101133158,171.41749572753906,113453200
2023-05-08,170.34100335662225,171.69402369424722,169.9755966946327,171.34835815429688,55962800
2023-05-09,170.90392591816433,171.38783954566773,169.47191108630196,169.63980102539062,45326900
2023-05-10,170.87432663815136,171.87179587293446,169.76820587698572,171.40762329101562,53724500
2023-05-11,171.6940112425966,172.42482451357537,170.03483786854437,171.59524536132812,49514700
2023-05-12,171.70403494878815,172.13918180226995,169.11295243629542,170.66563415527344,45533100
2023-05-15,171.249125704419,171.29857695594924,169.5777729993573,170.17115783691406,37266700
2023-05-16,170.09203885254627,171.2293421857262,169.9041331509732,170.17115783691406,42110300
2023-05-17,169.81510548834717,171.0216283275313,168.5393327985131,170.78428649902344,57951600
2023-05-18,171.09087517456516,173.30616130301183,170.6755118549318,173.11825561523438,65496700
2023-05-19,174.44347306887536,174.44347306887536,173.00947735219142,173.22705078125,55809500
2023-05-22,172.06007548302856,172.7820305841642,171.53592539559813,172.27764892578125,43570900
2023-05-23,171.21942956296672,171.46667068919274,169.38983919273392,169.666748046875,50747300
2023-05-24,169.20194113871563,170.51726580029353,168.6382391925545,169.94366455078125,45143500
2023-05-25,170.50739236656926,171.98093998050487,169.79533663873903,171.08099365234375,56058300
2023-05-26,171.4073332194312,173.8302932098977,171.19964403606525,173.49403381347656,54835000
2023-05-30,175.00718521743593,177.01478218217846,174.62148962052487,175.3434295654297,55964400
2023-05-31,175.37309480914308,177.37080753192686,174.80937774220615,175.29397583007812,99625300
2023-06-01,175.73902088879638,178.1323136072369,174.97751385870967,178.10264587402344,68901800
2023-06-02,179.03225923715402,179.77398268262323,177.2817876805341,178.95314025878906,61996900
2023-06-05,180.61459616435278,182.908986017055,176.0752375225132,177.59825134277344,121946500
2023-06-06,177.9839532147194,178.13229186267904,175.47197477965813,177.2323455810547,64848400
2023-06-07,176.47084977063176,179.21028600208987,175.36321422162453,175.85769653320312,61944600
2023-06-08,175.93678298136524,178.84434109966037,175.50165126625262,178.57733154296875,50214900
2023-06-09,179.4970774647442,180.21901740774703,178.63668307937917,178.96304321289062,48900000
2023-06-12,179.26963019609002,181.86071280602803,178.97293777661235,181.76181030273438,54274900
2023-06-13,180.78272761470595,182.11782073883157,180.4266997635254,181.28709411621094,54929100
2023-06-14,181.3464426387383,182.35519080481038,180.0113494184458,181.9200439453125,57462900
2023-06-15,181.9299404833556,184.46168752877136,181.75191900244837,183.95730590820312,65433200
2023-06-16,184.66935702206612,184.92649747799743,182.2365125370702,182.87933349609375,101256200
2023-06-20,182.37496829785866,184.0463209118931,182.37496829785866,182.9683380126953,49799100
2023-06-21,182.85953033754498,183.36391189129432,180.575024752965,181.92991638183594,49515700
2023-06-22,181.71239682750272,184.98586788379717,181.64316204847285,184.93641662597656,51245300
2023-06-23,183.5023838322858,185.49019723798705,182.96833449974372,184.61990356445312,53117000
2023-06-26,184.7682307420945,185.97476858314397,183.18588157961648,183.22544860839844,48088700
2023-06-27,183.83862880561904,186.31104030447904,183.62105538648717,185.98468017578125,50730800
2023-06-28,185.8561043245189,187.80436573389431,185.5297592960992,187.1615447998047,51216800
2023-06-29,186.9934057643385,187.97248603247579,186.8549513406989,187.49777221679688,46347300
2023-06-30,189.51527911897426,192.33381899614628,189.1493519786864,191.82945251464844,85213200
2023-07-03,191.6415766685233,191.7404791738125,189.64386376682972,190.33615112304688,31458200
2023-07-05,189.45596962493224,190.85039834497115,188.51644111338388,189.21861267089844,46920300
2023-07-06,187.74503686210437,189.90098754652763,187.1121001189567,189.69329833984375,45094300
2023-07-07,189.29771490007704,190.54380484505052,188.14062814608695,188.5757598876953,46815000
2023-07-10,187.17141585961895,187.89337080979294,184.97591346212693,186.52859497070312,59922200
2023-07-11,187.07253909809666,187.21099353236755,184.54079224834234,186.00445556640625,46638100
2023-07-12,187.58677823550266,189.5844907414315,186.3901396467477,187.67579650878906,60750200
2023-07-13,188.3977344373199,189.08012234659634,187.68567880071848,188.43728637695312,41342300
2023-07-14,188.13071726198152,189.07023054213465,187.53734760154848,188.5856475830078,41616200
2023-07-17,189.78231082986184,192.17561856911308,189.6933076328095,191.84925842285156,50520200
2023-07-18,191.21632100425936,192.185502135392,190.296576033276,191.5921173095703,48288200
2023-07-19,190.9690467518638,196.04242426290094,190.52400066441112,192.9469757080078,80507300
2023-07-20,192.9370956401489,194.3018715848771,190.3756810082794,190.9987335205078,59581200
2023-07-21,191.95803606721273,192.8184304455329,189.11969738642375,189.82186889648438,71951700
2023-07-24,191.27564505606543,192.759091941705,190.1284425094743,190.6229248046875,45377800
2023-07-25,191.19651381171818,192.29426504028103,190.7910347339605,191.48330688476562,37283200
2023-07-26,191.53276478098633,193.48102617402893,191.18663623876353,192.35360717773438,47471900
2023-07-27,193.85682640916855,195.02379728115702,190.4251183711132,191.0877227783203,47460200
2023-07-28,192.52175788835478,194.46013535574042,191.99760780036658,193.66896057128906,48291400
2023-07-31,193.8963936498011,194.32165626732748,193.10521896564188,194.28208923339844,38824100
2023-08-01,194.074422779809,194.55900578654655,193.12501010327395,193.4513702392578,35175100
2023-08-02,192.88764791924382,193.026102358892,189.73286353794578,190.45480346679688,50389300
2023-08-03,189.45595867004647,190.247118290272,188.58566497931545,189.06036376953125,61235200
2023-08-04,183.47271804853088,185.312192820491,179.91243942847825,179.98167419433594,115956800
2023-08-07,180.12011470756278,181.10907923772604,175.3928654606145,176.87631225585938,97576100
2023-08-08,177.70702446409274,178.28062565603474,175.6203088706347,177.81581115722656,67823000
2023-08-09,178.87402014653773,178.93335560733482,175.05661623443876,176.22360229492188,60378500
2023-08-10,177.49935830249015,178.7553475423464,175.64011515660735,176.0060272216797,54686900
2023-08-11,175.60000259117115,176.88738049769475,174.8374673630278,176.0654296875,52036700
2023-08-14,176.24371615843643,177.94703359876078,175.59011444303226,177.71926879882812,43675600
2023-08-15,177.14489684716207,177.73906787465035,175.3326457472995,175.728759765625,43622600
2023-08-16,175.41186545531423,176.80817714322055,174.78797154296882,174.8572998046875,46964900
2023-08-17,175.42176719468313,175.78817341312092,171.7972650350441,172.31222534179688,66062900
2023-08-18,170.62871045348956,173.40155375891743,170.29201204567954,172.79747009277344,61172200
2023-08-21,173.3718183024321,174.4215338244587,172.05471756473415,174.13433837890625,46311900
2023-08-22,175.34253031574917,175.95651153189084,174.54038966607246,175.51087951660156,42038900
2023-08-23,176.78835776449938,179.78896551377315,176.60019834939993,179.36312866210938,52722800
2023-08-24,178.91752463221655,179.34336155038372,174.30272234931607,174.6691436767578,54945800
2023-08-25,175.6594375427037,177.41225784961358,174.1145717959043,176.87750244140625,51449600
2023-08-28,178.34313313971825,178.83828316683332,176.8180777049469,178.44216918945312,43820700
2023-08-29,177.9569059889832,183.10646293821267,177.75884901223952,182.3340301513672,53003900
2023-08-30,183.14611375769312,186.0278908459401,182.9480567481202,185.82981872558594,60813900
2023-08-31,186.0179606639307,187.28554353881972,185.66145203594442,186.04766845703125,60794500
2023-09-01,187.65196121049496,188.0777829772235,186.45369150574666,187.62225341796875,45766500
2023-09-05,186.4537151444815,188.13722241444697,185.79021584264493,187.8599395751953,45280000
2023-09-06,186.57254135003106,187.01818850408822,179.70976859554776,181.13580322265625,81755800
2023-09-07,173.48072790491304,176.48135048092894,171.85663668573832,175.837646484375,112488800
2023-09-08,176.62003973987865,178.49170643953835,176.0654589567214,176.45167541503906,65551300
2023-09-11,178.32332838951461,178.5510931586707,175.61979850768685,177.62020874023438,58953100
2023-09-12,177.7489644157226,178.38275585399316,173.12426491742679,174.58990478515625,90370200
2023-09-13,174.79785006313273,175.58019553637163,172.2923922361182,172.52017211914062,84267900
2023-09-14,172.31222690532334,174.39186327435525,171.89630265367322,174.0353546142578,60895800
2023-09-15,174.76816613453047,174.78797636853713,172.1339792213286,173.3124237060547,109259500
2023-09-18,174.76814563074643,177.64002479353724,174.46115503817452,176.2436981201172,67257600
2023-09-19,175.7980702206982,177.88760394386657,175.4118538031827,177.33303833007812,51826900
2023-09-20,177.5211703172096,177.95690472942889,173.69861176107497,173.78775024414062,58436200
2023-09-21,172.85688574257026,174.58991092023126,172.17357625479622,172.24288940429688,63149100
2023-09-22,172.97571228348323,175.36233909077248,172.36173107244514,173.09454345703125,56725400
2023-09-25,172.51027081019092,175.2534062611611,172.46075278406465,174.37203979492188,46172700
2023-09-26,173.12428177613603,173.50058556280408,169.99492963397503,170.29202270507812,64588900
2023-09-27,170.94558441007192,171.36150860467507,167.41022120055555,168.77682495117188,66921800
2023-09-28,167.69740591218968,170.36131544966938,165.99408862675534,169.03431701660156,56294400
2023-09-29,170.35142654777866,171.39124466953126,168.68771453081845,169.54928588867188,51861100
2023-10-02,169.55917827580257,172.6093042881744,169.2719827950215,172.06463623046875,52164500
2023-10-03,170.58906551933305,171.94578673866616,169.16304627124387,170.7277069091797,49594600
2023-10-04,169.43043127173715,172.5201776911012,169.31160010164683,171.9755096435547,53020300
2023-10-05,172.1042477774046,173.74814957044222,171.00501406167223,173.21339416503906,48527900
2023-10-06,172.1141468247828,176.26350633418187,171.50015053588783,175.7683563232422,57266700
2023-10-09,175.09495269037185,177.3132302836497,174.09475506108697,177.25381469726562,42390800
2023-10-10,176.37245706568626,177.97673842144718,176.2239029815132,176.65963745117188,43698000
2023-10-11,176.4714829606774,178.10548726772782,175.87731193966172,178.05596923828125,47551100
2023-10-12,178.3233466007442,180.57131695227565,177.30332359387822,178.95713806152344,56743100
2023-10-13,179.6602521369707,180.16529977566205,176.41206884050376,177.1151885986328,51427100
2023-10-16,175.03554253225204,177.3429435766639,174.79786506856496,176.98643493652344,52517000
2023-10-17,174.93650583601004,176.6893412361662,173.1044597256959,175.43165588378906,57549400
2023-10-18,173.87686583356435,175.85746571988707,173.41142365141627,174.13433837890625,54764400
2023-10-19,174.33241738277906,176.11496052795673,173.4906713911534,173.758056640625,59302900
2023-10-20,173.60948564320893,173.718419244541,170.96538653172513,171.20306396484375,64244000
2023-10-23,169.25217604772806,172.32209697076135,168.28167117128655,171.3218994140625,55980100
2023-10-24,171.3714282347356,171.98540943587548,169.78694209599936,171.7576446533203,43816600
2023-10-25,170.21277093543313,171.38131769667615,168.99469104064445,169.44033813476562,57157000
2023-10-26,168.71740365821697,169.71761631425704,164.06299674951495,165.2711639404297,70625300
2023-10-27,165.29098147440297,167.32109955610002,165.21175565878588,166.58827209472656,58499100
2023-10-30,167.38054373931297,169.50968312123874,167.2319896431063,168.63821411132812,51131000
2023-10-31,167.70731641765212,169.24226937820893,166.27136928302133,169.11354064941406,44846000
2023-11-01,169.34129385969914,172.53995851269775,168.4698250558493,172.28248596191406,56934900
2023-11-02,173.81750716212963,176.05558032653394,173.7580915638119,175.84762573242188,77334800
2023-11-03,172.5498813500308,175.10485722122255,171.66851493448934,174.93649291992188,79829200
2023-11-06,174.66910929868956,177.6895120451555,174.50076012117472,177.491455078125,63841300
2023-11-07,177.4419442386158,180.67033186387974,177.23398970359145,180.0563507080078,70530000
2023-11-08,180.5812266581694,181.67054768588966,179.82858892219454,181.11598205566406,49340300
2023-11-09,181.18530832204868,182.3340449245472,180.04645416963677,180.64064025878906,53763500
2023-11-10,182.42552132152326,185.00369964258533,181.989212824357,184.83511352539062,66133400
2023-11-13,184.26000678217753,184.46823531200093,182.66352248721634,183.24856567382812,43627500
2023-11-14,186.12420582715117,186.53076740007103,184.7359652497266,185.86639404296875,60108400
2023-11-15,186.2729495954029,187.90909130382101,186.20353000343164,186.4315948486328,53790500
2023-11-16,187.9785160308428,189.35684600106327,187.06622636374277,188.11734008789062,54412900
2023-11-17,188.65279989002153,188.78171334674664,186.98691120628507,188.09750366210938,50922700
2023-11-20,188.2958266614519,190.29887250675844,188.2859160609316,189.8427276611328,46505100
2023-11-21,189.80309076358154,189.91216790391462,188.14711245538987,189.03955078125,38134500
2023-11-22,189.88241519518988,191.31031344701395,189.2279523730899,189.70391845703125,39617700
2023-11-24,189.26759079649733,189.2973377280717,187.66119596873028,188.37515258789062,24048300
2023-11-27,188.3255687303111,189.0692722786972,187.31412766791345,188.1966552734375,40552600
2023-11-28,188.18675406725092,189.47584330827428,187.80993940877178,188.80154418945312,38415400
2023-11-29,189.2973359031836,190.47734794655034,187.3835460471391,187.78018188476562,43014200
2023-11-30,188.24625428611483,188.7222354910008,186.61011239504938,188.35533142089844,48794400
2023-12-01,188.73214223180454,189.95181189166442,187.64137090627887,189.63450622558594,45704800
2023-12-04,188.38506152852514,188.45448112204545,185.87630278327032,187.8396759033203,43389500
2023-12-05,188.61313058416235,192.76794143388682,188.58336852388663,191.79617309570312,66628400
2023-12-06,192.81755229252437,193.12494736273675,190.4972006683192,190.7054443359375,41089700
2023-12-07,192.0044269286476,193.3629205543118,191.96475426663108,192.63905334472656,47477700
2023-12-08,192.56963798027982,194.34461894265894,192.04408867717459,194.0669708251953,53406400
2023-12-11,191.4887620508994,191.86557663509012,189.81294788102187,191.55816650390625,60943700
2023-12-12,191.45902748039885,193.08525849983545,190.11044455227926,193.07534790039062,52696900
2023-12-13,193.45216455954898,196.33773797632358,193.214189106248,196.29808044433594,70404200
2023-12-14,196.35758232148717,197.9441408874326,194.51319682969313,196.4468231201172,66831600
2023-12-15,195.87168903034603,196.73438033852585,195.34613971264017,195.91136169433594,128538400
2023-12-18,194.4437708037096,194.97924583916173,192.75804576345098,194.24545288085938,55751900
2023-12-19,194.51318587990949,195.29654695271066,194.24544836840317,195.28663635253906,40714100
2023-12-20,195.24699595949082,196.0204465599507,193.1943817138672,193.1943817138672,52242800
2023-12-21,194.45370060278358,195.42546903656068,191.87552215973167,193.0456085205078,46482500
2023-12-22,193.54140785907617,193.76948784569112,191.349969834571,191.9746856689453,37149600
2023-12-26,191.98458698376479,192.262235089905,191.21113652656177,191.42929077148438,28919300
2023-12-27,190.87399477798158,191.87551008122907,189.48573911500236,191.5284423828125,48087700
2023-12-28,192.51013017909935,193.02576884449476,191.54827243799232,191.954833984375,34049900
2023-12-29,192.27215946893213,192.76796185552627,190.12037892679615,190.91366577148438,42672100
2024-01-02,185.57883023572913,186.85800888690832,182.34620407017263,184.08151245117188,82488700
2024-01-03,182.6734238450404,184.31949132166326,181.8900476382689,182.7031707763672,58414500
2024-01-04,180.62080322049852,181.552914127362,179.36147605378457,180.38282775878906,71983600
2024-01-05,180.46216340525032,181.22568820887324,178.6574354024576,179.65895080566406,62379700
2024-01-08,180.56132715609527,184.04186993361316,179.97628391413107,184.002197265625,59144500
2024-01-09,182.37594957443397,183.59561921893004,181.19593746369003,183.58570861816406,42841800
2024-01-10,182.8023278606972,184.8351053395885,182.3759299825551,184.6268768310547,46792900
2024-01-11,184.97392753345,185.47965559618967,182.07844372761645,184.0319061279297,49128400
2024-01-12,184.49797017252533,185.17226924419936,183.63527891547233,184.35914611816406,40477800
2024-01-16,180.63071876275188,182.71307958868692,179.41103406753936,182.08837890625,65603000
2024-01-17,179.74818071767538,181.39423295178236,178.78632298828933,181.14633178710938,47317400
2024-01-18,184.5277024783634,187.55209963440907,184.26989072089356,187.04638671875,78005800
2024-01-19,187.74050811817725,190.33850743054634,187.23479519933252,189.9517822265625,68903000
2024-01-22,190.68558968364889,193.69015075906108,190.64591702187175,192.26223754882812,60133900
2024-01-23,193.38276708914043,194.10663433692045,192.20275498822556,193.54141235351562,42355600
2024-01-24,193.77940103141137,194.73134826169684,192.7084660713482,192.86712646484375,53631300
2024-01-25,193.5810897970112,194.62227786062397,191.48880306885755,192.53990173339844,54822100
2024-01-26,192.63905549468925,193.1249321296598,190.3286146537771,190.80458068847656,44594000
2024-01-29,190.3980247095346,190.5864320350317,187.98843240307312,190.12037658691406,47145600
2024-01-30,189.33699683048337,190.18977744614463,185.89612743839433,186.46133422851562,55859400
2024-01-31,185.46974943852436,185.5292584344751,182.8023453182215,182.85191345214844,55467800
2024-02-01,182.44535904290282,185.38050055962896,182.2767880551107,185.291259765625,64885400
2024-02-02,178.35003123610636,185.75731994134992,177.74515173237538,184.2897491455078,102551700
2024-02-05,186.57042555488334,187.6611968198497,184.27982102914154,186.1043701171875,69668800
2024-02-06,185.2912518041467,187.72068025311026,185.2020110139772,187.7107696533203,43490800
2024-02-07,189.03952431241242,189.4460858813363,187.02656792958788,187.81985473632812,53439000
2024-02-08,187.80003823127362,187.94877290356362,185.77717103468487,186.73902893066406,40962000
2024-02-09,187.3049538825504,188.63541144119677,186.6595943238761,187.5035400390625,45155200
2024-02-12,187.0765772861258,187.32479480430874,185.45819421957458,185.8156280517578,41781900
2024-02-13,184.44549399150463,184.8823592862032,182.2015977323704,183.72068786621094,56529500
2024-02-14,183.9986922104331,184.2071864451767,181.13922150541597,182.83702087402344,54630500
2024-02-15,182.24128500065143,183.17458519121215,180.05697410890977,182.549072265625,65434500
2024-02-16,182.1122335213933,183.53204565484478,180.37471083115267,181.01014709472656,49752500
2024-02-20,180.49384354523508,181.12927978468986,178.7166127841021,180.26548767089844,53665600
2024-02-21,180.64278508736416,181.5860086349742,179.37191259479573,181.02008056640625,41371400
2024-02-22,182.17181186595948,183.64127060390982,181.15909521547567,183.0554656982422,52292200
2024-02-23,183.69089534874325,183.72068024032762,180.93071762862238,181.21865844726562,45119700
2024-02-26,180.94064867140935,181.45693020455124,179.36197373162466,179.86834716796875,40867400
2024-02-27,179.80879073754454,182.6086766905276,178.27976221818815,181.327880859375,54318900
2024-02-28,181.20872015618278,181.81437153541262,178.84569957246276,180.12649536132812,48953900
2024-02-29,179.97755459220346,181.26828866128915,178.2499552858893,179.4612579345703,136682600
2024-03-01,178.26984251290932,179.2428510400178,176.11531605645658,178.37905883789062,73563100
2024-03-04,174.89403329600003,175.63868574855184,172.55085963930404,173.85153198242188,81510100
2024-03-05,169.5424796657224,170.8133520831047,168.41060844555398,168.90704345703125,95132400
2024-03-06,169.8403395327639,170.01906401050476,167.47730408815008,167.91416931152344,68587700
2024-03-07,167.94398367002375,169.51272036105578,167.2887008699696,167.79505920410156,71765100
2024-03-08,167.7950495135339,172.46153602621885,167.73547973060533,169.51271057128906,76267000
2024-03-11,171.70695829072324,173.13669366515666,170.82330450374639,171.518310546875,60139500
2024-03-12,171.91544162555573,172.7891721100731,169.79070034274764,171.994873046875,59825400
2024-03-13,171.53815729817867,171.95516088785197,169.54247886546352,169.90985107421875,52488700
2024-03-14,171.67715534575908,173.06716728584055,170.82328653971078,171.76651000976562,72913500
2024-03-15,169.94956266563446,171.38922119140625,169.0758321837892,171.38922119140625,121752700
2024-03-18,174.31819990832292,176.44294118443133,172.282813299669,172.48138427734375,75604200
2024-03-19,173.09694005146207,175.35075903574833,171.7962828664752,174.8245391845703,55215200
2024-03-20,174.46710906124463,177.3960723876953,173.8415961439034,177.3960723876953,53423100
2024-03-21,175.7876262124245,176.22449141078243,169.62189720831483,170.1481170654297,106181300
2024-03-22,170.535384758446,171.8161958354467,168.8475084023186,171.0516815185547,71160100
2024-03-25,169.35386403283357,170.71409125238694,168.24183919385965,169.63186645507812,54288300
2024-03-26,168.787925677805,170.19779947429063,168.37092203236526,168.5,57388400
2024-03-27,169.19499314475576,172.36225110852925,168.89712909220745,172.07431030273438,60273300
2024-03-28,170.52541861342735,171.00199196056712,169.29425438748996,170.25733947753906,65672700
2024-04-01,169.9694515712106,170.02902135907414,168.27163686711552,168.81771850585938,46240500
2024-04-02,167.87446369081778,168.13260444031488,167.0305181193942,167.63616943359375,49329500
2024-04-03,167.58651513316036,169.46303876556578,167.37802092400054,168.4403839111328,47691700
2024-04-04,169.07585346888487,170.6942366833166,167.61634826660156,167.61634826660156,53704400
2024-04-05,168.38081863168355,169.1751176568126,167.74538244157907,168.3708953857422,42104800
2024-04-08,167.82481355698678,167.99359963764888,167.04045292920483,167.2489471435547,37425500
2024-04-09,167.49718091534808,168.86734648560252,167.1496854743383,168.46026611328125,42373800
2024-04-10,167.59647195447172,167.88439761067826,165.91851910107465,166.583740234375,49709300
2024-04-11,167.13975023930564,174.208995705804,166.9610408919762,173.79197692871094,91070300
2024-04-12,173.0175330436537,177.0883063929916,172.96790166012116,175.2912139892578,101670900
2024-04-15,174.10968609239896,175.37063525095596,171.27007724910962,171.45872497558594,73531800
2024-04-16,170.52541444574328,172.5210775974863,167.0702312509368,168.1723175048828,73711200
2024-04-17,168.4006911997193,169.43326939438703,166.8021697998047,166.8021697998047,50901200
2024-04-18,166.83196113193097,167.4376124969012,165.36251763085394,165.84901428222656,43122900
2024-04-19,165.02494208062998,165.21357466916862,162.9101239696921,163.8235626220703,68149400
2024-04-22,164.33983649468445,166.0674204920171,163.5951840406637,164.6575469970703,48116400
2024-04-23,164.17108536017497,165.85896158515186,163.744143317683,165.71002197265625,49537800
2024-04-24,165.35256706337344,168.09289802448964,165.02493328758231,167.8148956298828,48251800
2024-04-25,168.3212618473153,169.39356334150216,166.9510963019663,168.67869567871094,50558300
2024-04-26,168.66876193087458,170.1183436596222,167.97374080476908,168.0928955078125,44838400
2024-04-29,172.1338767566388,174.7749147415349,171.86581274952138,172.26295471191406,68169400
2024-04-30,172.09416491333778,173.74233280675443,168.78790588015656,169.1155548095703,65934800
2024-05-01,168.37089789825708,171.47858587357683,167.90424778215495,168.0928955078125,50383100
2024-05-02,171.2800137361139,172.18352915382397,169.67156903864844,171.7963104248047,94214900
2024-05-03,185.31919936550048,185.66670996286234,181.35765733555206,182.07252502441406,163224100
2024-05-06,181.04986495546194,182.88666551151155,179.1336178251023,180.4144287109375,78569700
2024-05-07,182.14198851894085,183.58164691028847,180.02718583647587,181.09947204589844,77305800
2024-05-08,181.5463043299869,181.76473696457006,180.15627709627628,181.4370880126953,45057100
2024-05-09,181.25834986825006,183.34338298682428,180.81156138569682,183.2540283203125,48983000
2024-05-10,183.83068607894495,184.01958970422,181.07671637844012,181.99139404296875,50759500
2024-05-13,184.36755931231187,186.01796278299403,183.5522942832241,185.20269775390625,72044800
2024-05-14,186.42556271379902,187.2110023802185,185.2126171602605,186.3460235595703,52393600
2024-05-15,186.8232728469217,189.54741702859607,186.2863873072406,188.622802734375,70400000
2024-05-16,189.36844201759442,189.99480334671227,188.5631289776096,188.74208068847656,52845200
2024-05-17,188.4140082479681,189.70649303935699,188.08591490450098,188.7719268798828,41282900
2024-05-20,188.23504809883084,190.81006568993442,187.91689147556073,189.93515014648438,44361300
2024-05-21,189.98487181213304,191.6153866469515,189.815856788038,191.2375946044922,42309400
2024-05-22,191.15804664976199,191.70486886169914,189.1696132758398,189.79595947265625,34648500
2024-05-23,189.87550428926582,189.89539287135,185.55067067436462,185.79922485351562,51005900
2024-05-24,187.72799159963486,189.4778074092878,186.95248867034007,188.8812713623047,36327000
2024-05-28,190.40246456695843,191.8838531432952,188.0064134744208,188.89126586914062,52280100
2024-05-29,188.5134387924459,191.13817040866115,188.41401104911338,189.1894989013672,53068000
2024-05-30,189.65675172235697,191.0685374632305,189.5275138813011,190.18368530273438,49889100
2024-05-31,190.33284000805318,191.4563096895504,188.81168973037515,191.13815307617188,75158300
2024-06-03,191.7843976924141,193.86232215027837,191.40660565779223,192.90786743164062,50080500
2024-06-04,193.51434462038463,194.19041988861153,191.91365507081835,193.2260284423828,47471400
2024-06-05,194.269945311189,195.76127042413225,193.74301165159252,194.7372283935547,54156800
2024-06-06,194.55827933508485,195.3635924798522,193.04706561878618,193.3552703857422,41181800
2024-06-07,193.5242766218339,195.80104138427978,193.0172315608974,195.75132751464844,53103900
2024-06-10,195.76128159599278,196.1589774177998,191.03875180216343,192.00314331054688,97010200
2024-06-11,192.53005531977516,205.9619324668351,192.51018190883102,205.9519805908203,172373300
2024-06-12,206.17072098738436,218.92652361101457,205.7034379048798,211.8377685546875,198134300
2024-06-13,213.49810017257707,215.49647028335949,210.37626033331,213.00099182128906,97862700
2024-06-14,212.61325905037393,213.92561727783075,210.07800329190465,211.26112365722656,70122700
2024-06-17,212.13602802573277,217.6837594401996,211.4897931914233,215.4169464111328,93728300
2024-06-18,216.3316233309755,217.3656172672209,211.7681719978675,213.0507049560547,79943300
2024-06-20,212.6927670816265,213.00098699569836,207.64215969704074,208.46734619140625,86172500
2024-06-21,209.17326157128963,210.66458669732776,205.91223184266303,206.2900390625,241805100
2024-06-24,206.51872529912245,211.4699209644532,205.39525540402906,206.93629455566406,80727000
2024-06-25,207.94042486793816,210.15753911842552,207.40355450398363,207.86090087890625,55549700
2024-06-26,210.2768291728298,213.6173978459433,209.42180221570723,212.01670837402344,66213200
2024-06-27,213.4484006592916,214.49233130131694,211.1219370597224,212.86181640625,49772700
2024-06-28,214.52214161134154,214.8204096554565,209.08377504858177,209.40191650390625,82542700
2024-07-01,210.86343656939636,216.2520897818886,210.69442153458442,215.49649047851562,60402900
2024-07-02,214.8999260337406,219.10547344874152,213.85601067210808,218.99610900878906,58046200
2024-07-03,218.72768354780237,220.2687225341797,217.76329209306175,220.2687225341797,37369800
2024-07-05,220.36814201808318,225.14038557018992,220.36814201808318,225.03102111816406,60412400
2024-07-08,225.7766827586142,226.53229721329785,221.95889400104966,226.50247192382812,59085900
2024-07-09,226.6118203351868,228.07332019577044,225.0608446065374,227.35748291015625,48076100
2024-07-10,227.97390377810078,231.73204187894612,227.9241899064988,231.6326141357422,62627700
2024-07-11,230.0518217466028,231.04603853364384,224.46432825800636,226.25392150878906,64710600
2024-07-12,227.59608461971035,231.2945719488415,227.3574671508641,229.2067108154297,53046500
2024-07-15,235.11237576276483,235.8580383346859,231.7419815445035,233.04440307617188,62631300
2024-07-16,233.64094209406048,234.9036016458956,230.9863851256273,233.4619903564453,43234300
2024-07-17,228.12304640695322,230.12143192510834,225.32929956891294,227.5563507080078,57345900
2024-07-18,228.94822726389444,229.10730558155058,220.9845567217071,222.8834991455078,66034600
2024-07-19,223.5198013048721,225.48834608374398,221.9886991219942,223.0127410888672,49151500
2024-07-22,225.69712847330965,226.46267958300487,221.7998008147913,222.66477966308594,48201800
2024-07-23,223.0723963761116,225.6275405798551,221.392167723929,223.7086944580078,39960300
2024-07-24,222.70453756630337,223.499913948863,215.87427379105335,217.27610778808594,61777600
2024-07-25,217.66388300064952,219.5727926616157,213.37881089672752,216.2322235107422,51391200
2024-07-26,217.4352041073067,218.22064384945838,214.76075857434793,216.69949340820312,41601300
2024-07-29,215.70527849563507,218.0317421116191,214.50226952108,216.97787475585938,36311800
2024-07-30,217.92238139381377,219.05578793157815,214.87012855591783,217.53463745117188,41643800
2024-07-31,220.15937140820574,222.52561225525915,219.3540582246071,220.79566955566406,50036300
2024-08-01,223.07240511518174,223.1817695634113,215.76492117798517,217.09716796875,62501000
2024-08-02,217.88258518105536,224.29529507499745,216.45092586682142,218.58848571777344,105568600
2024-08-05,197.9386185328084,212.26528622278008,194.86649227009318,208.05975341796875,119548600
2024-08-06,204.11269368890086,208.7755724881847,199.90716125146164,206.03152465820312,69660500
2024-08-07,205.703426053809,212.40445197195865,205.19638100586542,208.60655212402344,63516400
2024-08-08,211.87754516998305,212.9612378528938,207.62229843313003,212.07638549804688,47161100
2024-08-09,210.8733691090516,215.5262960046125,210.7441160828828,214.9894256591797,42201600
2024-08-12,215.06908018890428,218.49313190431408,214.60125621149956,216.52230834960938,38028100
2024-08-13,217.99543949730662,220.86210287308924,217.99543949730662,220.24497985839844,44155300
2024-08-14,219.548234966672,221.99683071433236,218.6822548419691,220.69290161132812,41960600
2024-08-15,223.55956160665437,224.3060872818483,221.72807374055304,223.6790008544922,46414000
2024-08-16,222.8826852741085,225.77920829872497,222.61393180066406,225.00282287597656,44340200
2024-08-19,224.6743714872065,224.94312498661264,222.0067784736323,224.8435821533203,40687800
2024-08-20,224.72413110884563,226.11763957317405,224.4056062095116,225.460693359375,30299000
2024-08-21,225.47065071716546,226.92387876417723,224.00745927475182,225.3511962890625,34765500
2024-08-22,226.7347608131935,227.28221598709214,222.86278176595104,223.4898681640625,43695300
2024-08-23,224.61464290366072,227.16278137803022,223.29080225181497,225.78916931152344,38677300
2024-08-26,225.70952621277567,226.2271215594374,222.8528263811224,226.12757873535156,30602200
2024-08-27,224.9530683997657,227.7898720189865,223.84820980142854,226.97366333007812,35934600
2024-08-28,226.86416416696267,228.79517959293358,224.63453544627717,225.4407958984375,38052200
2024-08-29,229.03407107214645,231.84099956412553,227.819721489883,228.72549438476562,51906300
2024-08-30,229.123652992766,229.33267166766268,226.42620031745173,227.9391632080078,52990800
2024-09-03,227.4912604304481,227.9391727978887,220.1454429272487,221.738037109375,50190600
2024-09-04,220.6331648046219,220.75260404502964,216.47252073588626,219.82691955566406,43840200
2024-09-05,220.60331260233696,224.43546851590304,220.49382156548631,221.34983825683594,36615400
2024-09-06,222.91254804497814,224.1965806221913,218.75191919539128,219.79705810546875,48423000
2024-09-09,219.79707827698536,220.24499065438135,215.70611687897429,219.88665771484375,67180000
2024-09-10,217.90584232481805,220.45398059003196,215.72598515928053,219.09033203125,51591000
2024-09-11,220.43410202901993,222.05654079085224,216.88063262193214,221.6285400390625,44587100
2024-09-12,221.46928361366915,222.51442259643306,218.8017058249269,221.738037109375,37455600
2024-09-13,222.54428285449177,223.00214343080088,220.8820208371711,221.4692840576172,36766600
2024-09-16,215.5368837592455,216.21374159471785,212.92902562434276,215.3179168701172,59357400
2024-09-17,214.75054527350213,215.8952118613641,213.50633585708556,215.7857208251953,45519300
2024-09-18,216.54221012404864,221.67831024616868,216.5322467283196,219.66766357421875,59894900
2024-09-19,223.94775287051627,228.75538000957175,223.58941994126667,227.8097686767578,66781300
2024-09-20,228.90467282845125,232.01021467188832,226.56555305015522,227.1428680419922,318679900
2024-09-23,226.2868480598011,228.38707413181643,224.7639369712135,225.42088317871094,54146000
2024-09-24,227.59078065470555,228.28755007923567,224.6843092769655,226.31671142578125,43556100
2024-09-25,223.88800321688734,226.23707111110926,222.9822303399746,225.3213348388672,42308700
2024-09-26,226.24703661091274,227.44147457763864,224.36579263659118,226.4660186767578,36636700
2024-09-27,227.40166606122023,228.45675318264773,226.24703611440785,226.73475646972656,34026000
2024-09-30,228.97434440874213,231.92063903808594,228.58615167195362,231.92063903808594,54541900
2024-10-01,228.45675818805825,228.5861456381701,222.70353511874544,225.16209411621094,63285000
2024-10-02,224.84358511910924,226.31672490502262,221.98688498556473,225.72946166992188,32880600
2024-10-03,224.09704443839323,225.75930638603796,222.28548343692833,224.6245880126953,34044200
2024-10-04,226.8442543024003,226.9437971307691,223.09172964492672,225.74935913085938,37245100
2024-10-07,223.4600206171574,224.64451046166124,220.3047072265611,220.6630401611328,39505400
2024-10-08,223.26094483680066,224.93315503301397,222.2158058701156,224.72413635253906,31855700
2024-10-09,224.1866374402548,228.68570318762718,223.78849648056692,228.47666931152344,33591100
2024-10-10,226.72481576308653,228.43684913724616,226.11764095959848,227.97897338867188,28183500
2024-10-11,228.23778864704394,228.34727968813561,226.28686151162026,226.4958953857422,31759200
2024-10-14,227.64055393917852,230.65651637799863,227.54102629778745,230.228515625,39882100
2024-10-15,232.52781469355565,236.3898456598821,231.29355345996072,232.76670837402344,64751400
2024-10-16,230.52712470524975,231.0447048824563,228.7752681420796,230.70628356933594,34082200
2024-10-17,232.348638945834,232.76670668063704,229.4521309302649,231.07456970214844,32993800
2024-10-18,235.0858880500012,235.0858880500012,232.92594240501305,233.91136169433594,46431500
2024-10-21,233.36391138062547,235.75280253487685,233.36391138062547,235.38450622558594,36254500
2024-10-22,232.80650456565562,235.125712669187,231.52248717012162,234.7673797607422,38846600
2024-10-23,232.99563706556216,234.05072423456664,226.7049068825192,229.69100952148438,52287000
2024-10-24,228.91461372105516,229.75073396519565,227.35189464165862,229.50189208984375,31109500
2024-10-25,228.6757506783198,232.13962556438537,228.5065400142299,230.3380126953125,38802300
2024-10-28,232.23915532682838,233.64261197661628,231.47271808946843,232.3187713623047,36087100
2024-10-29,232.0201728307493,233.2444706163013,231.24378738741356,232.5875244140625,35417200
2024-10-30,231.5324398883544,232.38845656475567,228.48661770128336,229.03407287597656,47070900
2024-10-31,228.27756741990697,228.765302938299,224.32595742693846,224.86346435546875,64370100
2024-11-01,219.9463649274566,224.30607958110733,219.2496106921502,221.87738037109375,65276700
2024-11-04,219.9662881225475,221.75793762543637,218.69221882853125,220.98155212402344,44944500
2024-11-05,220.7725208689619,222.91255498009295,220.11557465497725,222.4148712158203,28111300
2024-11-06,221.5787719009408,225.02275032206146,220.16535179621147,221.68826293945312,54561100
2024-11-07,223.5894200604507,226.82436463330757,223.52970043689453,226.42620849609375,42137700
2024-11-08,226.366414165256,227.8511489598711,225.60910803907555,226.15716552734375,38328800
2024-11-11,224.20409384410638,224.90161465065876,220.7164746065314,223.4368133544922,42005600
2024-11-12,223.75568869738083,224.79200315214243,222.5698957238352,223.4368133544922,40398300
2024-11-13,223.2175800878685,225.84824072641777,221.97200184604,224.3236541748047,48566200
2024-11-14,224.22402706703753,228.06039910056816,224.20409355692922,227.41270446777344,44923900
2024-11-15,225.59914322363005,226.11730807125568,223.47668806811174,224.2041015625,47923700
2024-11-18,224.4532188000698,228.9273417095955,224.37349996104592,227.2134246826172,44633700
2024-11-19,226.17708394083317,229.34584301691135,225.8582238051146,227.4724884033203,36211800
2024-11-20,227.25326410482543,229.11664435033194,225.0909420304879,228.18994140625,35169600
2024-11-21,228.07038183414417,229.3458528412815,224.91159698015457,227.71165466308594,42108300
2024-11-22,227.2532745036032,229.90386885981255,227.2532745036032,229.05686950683594,38168300
2024-11-25,230.64124862727573,232.42491005721112,228.92733167542056,232.04624938964844,90152800
2024-11-26,232.50462429580293,234.73670603206307,232.50462429580293,234.22850036621094,45986200
2024-11-27,233.6405889619916,234.85627456038557,232.98291999142185,234.0989532470703,33498400
2024-11-29,233.97938842310504,236.96877632211965,233.14236346053607,236.490478515625,28481400
2024-12-02,236.4306920263062,239.93822952974793,236.32108052902282,238.7424774169922,48137100
2024-12-03,238.96170621081686,241.90126799408412,238.05492154808562,241.79165649414062,38861000
2024-12-04,242.01087120786053,243.24649032811607,240.39660663197557,242.15037536621094,44383900
2024-12-05,243.1269343008096,243.67497660990782,241.27351311137042,242.18028259277344,40033900
2024-12-06,242.05074723300527,243.7646642163996,241.22368140458013,241.98098754882812,36870600
2024-12-09,240.97455722335047,246.36542364679892,240.89483838917155,245.8771514892578,44649200
2024-12-10,246.0166626912396,247.33200068563022,244.47214254503118,246.8935546875,36914800
2024-12-11,247.08288910248365,249.91283942191654,245.38889040813984,245.6180877685547,45205800
2024-12-12,246.01666340683192,247.8601253939288,244.81093690846672,247.0828857421875,32777500
2024-12-13,246.94338782137353,248.4081739675946,245.36897496771653,247.25228881835938,33155300
2024-12-16,247.11276354004562,250.49077111704125,246.7739547032778,250.15196228027344,51694800
2024-12-17,249.1953766416157,252.93211150871377,248.89643481128522,252.58334350585938,51356400
2024-12-18,251.26802371656945,253.38051965426092,246.86366065893745,247.1725616455078,56774100
2024-12-19,246.62449465453676,251.10857637552834,246.21594133746913,248.90638732910156,60882300
2024-12-20,247.16257165125242,254.0979578981185,244.82089371115717,253.5897674560547,147495300
2024-12-23,253.8687883386418,254.7456651132031,252.55345036958022,254.3670196533203,40858800
2024-12-24,254.58623131585566,257.2965955586333,254.38692663500538,257.2866516113281,23234700
2024-12-26,257.27667867815336,259.1799258751944,256.7186620602343,258.1037292480469,27237100
2024-12-27,256.91793375888693,257.78488174803636,252.16481819720389,254.6858673095703,42355300
2024-12-30,251.33775398934142,252.60326573181473,249.86299361835324,251.307861328125,35557500
2024-12-31,251.5470385357527,252.38406352835983,248.54767617168994,249.5341796875,39480700
