Date,Open,High,Low,Close,Volume
2020-01-02,5.942537823696139,5.971410274505615,5.8920109160937795,5.971410274505615,237536000
2020-01-03,5.851687121635845,5.919637558269956,5.826796822243751,5.87583065032959,205384000
2020-01-06,5.782492829072712,5.905699084702137,5.756358226332289,5.900472164154053,262636000
2020-01-07,5.928847945646861,6.017706082693678,5.88379672631697,5.971908092498779,314856000
2020-01-08,5.967677949246048,6.0244277993650845,5.92760487751532,5.983109951019287,277108000
2020-01-09,6.069476071856079,6.121247739785164,5.9950544178937575,6.048817157745361,255112000
2020-01-10,6.156095000345665,6.186460989072398,6.066988106452884,6.081175327301025,316296000
2020-01-13,6.1643088762984775,6.296973440866973,6.141658411841688,6.271834373474121,319840000
2020-01-14,6.229022907846783,6.254411214964361,6.141658323955984,6.154850482940674,359088000
2020-01-15,6.16754476983772,6.189945996094547,6.086402634683979,6.112288475036621,263104000
2020-01-16,6.16580228926058,6.201893205518962,6.142405527455289,6.195919513702393,284192000
2020-01-17,6.2150846934070065,6.222551926626451,6.157090558824123,6.2046308517456055,253792000
2020-01-21,6.168042151475357,6.204879835864673,6.137178158466554,6.17127799987793,217916000
2020-01-22,6.216579239174049,6.311908605766797,6.197662625090252,6.225290775299072,239240000
2020-01-23,6.265364869957308,6.3022020903293745,6.176506718885574,6.293739318847656,244516000
2020-01-24,6.4092286330962756,6.459009239561232,6.180238697894959,6.234499454498291,373512000
2020-01-27,5.9298430881536515,6.029653066688247,5.780252977773536,5.978628158569336,470536000
2020-01-28,6.044586611311332,6.204381786434849,5.991321394689155,6.172024726867676,310976000
2020-01-29,6.157588979316764,6.193679896862206,6.071717453105673,6.111542224884033,258848000
2020-01-30,6.013721985150289,6.131701783224077,5.958714942205189,6.118260860443115,290504000
2020-01-31,6.07246444119071,6.084411825677321,5.842976956920806,5.884792327880859,370420000
2020-02-03,5.8666224677137775,6.001278596035723,5.8604000101128895,5.9818644523620605,255564000
2020-02-04,6.123737467710801,6.170282220731472,6.073708101084006,6.151116371154785,271544000
2020-02-05,6.2720831832232005,6.2822882593568,6.158085988326266,6.24146842956543,208220000
2020-02-06,6.275817310153531,6.328335285186768,6.194675177734428,6.328335285186768,218284000
2020-02-07,6.288262961018029,6.310415423757163,6.236740041379936,6.2621283531188965,189752000
2020-02-10,6.284777510513011,6.546124504221286,6.279799354982195,6.5453782081604,529608000
2020-02-11,6.65365087473123,6.782582072275336,6.591674116500765,6.667838096618652,638556000
2020-02-12,6.720605621676727,6.790049616825319,6.681776858992175,6.783577919006348,374644000
2020-02-13,6.725583191145601,6.8069740890850765,6.6982038099789944,6.739770412445068,528016000
2020-02-14,7.1499612483061235,7.341864732956123,7.118599722338029,7.212933540344238,1041924000
2020-02-18,7.109639448018823,7.400108630693674,7.090225304311994,7.381689548492432,620164000
2020-02-19,7.504148319348195,7.850620039502541,7.504148319348195,7.832947731018066,694332000
2020-02-20,7.784911107523746,7.873271239306523,7.376213808927724,7.683608055114746,810052000
2020-02-21,7.571354385409128,7.59649345988141,7.234589629006142,7.319465160369873,768180000
2020-02-24,6.725085479935204,7.015803419302738,6.6705759553181165,6.801996231079102,856916000
2020-02-25,6.877164837983016,6.939141597824138,6.420678476149267,6.52247953414917,1055496000
2020-02-26,6.522728008722888,6.856008081626583,6.521234941797233,6.661864280700684,747732000
2020-02-27,6.348309154901602,6.649661074979793,6.19862956404981,6.291027545928955,906416000
2020-02-28,6.038490300140997,6.785643260786491,6.021804024627924,6.7261199951171875,1133252000
2020-03-02,6.896221855785766,6.913406434424971,6.500230754612157,6.88451623916626,890744000
2020-03-03,6.940302540308167,7.000074707621005,6.536590903035929,6.622015476226807,652792000
2020-03-04,6.729355916077696,7.095211680293324,6.654640355686952,7.085747718811035,597408000
2020-03-05,6.886259139101553,7.053123305909204,6.761733655663814,6.806313991546631,540328000
2020-03-06,6.626748103865886,6.684279101658206,6.425514781213348,6.625751972198486,515412000
2020-03-09,5.974733154517468,6.460382771892419,5.931896639128573,6.112707614898682,614160000
2020-03-10,6.389152813651046,6.502222061157227,6.1264044641429605,6.502222061157227,580648000
2020-03-11,6.36225543839977,6.390647326448551,6.04122887468643,6.1383585929870605,499964000
2020-03-12,5.615104204179391,5.880592588884328,5.374521016591057,5.387222766876221,816540000
2020-03-13,5.740625775186454,6.002627457536674,5.469409516787547,5.998144626617432,634836000
2020-03-16,5.290091825274877,5.63104297256949,4.831589056647844,4.891361236572266,726972000
2020-03-17,5.003683107514514,5.500540018363488,4.756873781766378,5.411130428314209,833632000
2020-03-18,4.98350971068714,5.228575666366858,4.499852892401873,5.051251411437988,874268000
2020-03-19,5.0298325317869885,5.397681063684744,4.8163962655111225,5.304038047790527,765512000
2020-03-20,5.454216962280671,5.736142694810276,5.108783431931575,5.124224662780762,804636000
2020-03-23,5.123227218008279,5.391455500296012,4.9441596073334635,5.297064781188965,643876000
2020-03-24,5.703267250018492,6.2925221398950475,5.679607578330529,6.205852031707764,1101644000
2020-03-25,6.320914774740422,6.5206537072194575,6.068377051819742,6.117191314697266,793432000
2020-03-26,6.324400792523231,6.530615272618466,6.2262749239348,6.406588077545166,696108000
2020-03-27,6.226273234230904,6.553028121967222,6.193398519154596,6.294264316558838,638828000
2020-03-30,6.359766000147747,6.623760395482369,6.3156839628633445,6.6145453453063965,602252000
2020-03-31,6.654641872626003,6.858864070892026,6.419288777551146,6.56498384475708,949960000
2020-04-01,6.3669888090516205,6.513430630446292,6.009102461458389,6.053682327270508,656912000
2020-04-02,6.082820919284177,6.375705012122686,6.03475435884826,6.3625054359436035,675764000
2020-04-03,6.324897635369404,6.3664890966542975,5.937125520263196,6.074601650238037,663212000
2020-04-06,6.356777264478225,6.721388074533338,6.299246263802596,6.684528350830078,727884000
2020-04-07,6.9061836458877455,6.929843793294527,6.408081679793678,6.451167583465576,784520000
2020-04-08,6.560251028830771,6.673320278862776,6.490267677106113,6.6484150886535645,542444000
2020-04-09,6.774186027060479,6.797098478837113,6.485784791472698,6.548794746398926,525564000
2020-04-13,6.489021797195393,6.72935597301944,6.400608834593804,6.720639228820801,398408000
2020-04-14,6.848901877376461,7.1059223834052565,6.82125720368873,7.071802616119385,530948000
2020-04-15,6.903693407220888,7.077282076063344,6.85836632376296,6.994348049163818,366148000
2020-04-16,7.149755740902385,7.446624375158432,7.136556164071444,7.339532375335693,745620000
2020-04-17,7.421717882698003,7.443136373919461,7.146267791619093,7.280257225036621,539120000
2020-04-20,7.153739539148925,7.309645293108187,7.104676377829495,7.149007320404053,449388000
2020-04-21,7.030958409056792,7.092224547039059,6.652400807148246,6.712172985076904,735160000
2020-04-22,6.90443914682247,7.169429618471471,6.858863158933598,7.126592636108398,483356000
2020-04-23,7.168681951686637,7.300678638429084,7.048141014704802,7.0732951164245605,424160000
2020-04-24,7.063084700791808,7.214258231403636,6.988369134935188,7.212265968322754,352328000
2020-04-27,7.34675311432739,7.558695402226678,7.322096841808652,7.398804664611816,479388000
2020-04-28,7.546244309815871,7.576130635658763,7.250870124951542,7.256349086761475,442904000
2020-04-29,7.391084844972564,7.4859733834392905,7.315871448804631,7.4331746101379395,379160000
2020-04-30,7.379130308414006,7.433174602388813,7.265314320226597,7.279261112213135,375916000
2020-05-01,7.081764954914054,7.195083139359581,6.994348096914766,7.042664051055908,342096000
2020-05-04,6.99534315443708,7.268303171986932,6.99534315443708,7.254605293273926,317556000
2020-05-05,7.3587091845288795,7.478253535367416,7.254605587109694,7.3156232833862305,368896000
2020-05-06,7.395070628922223,7.521339462754946,7.357214775183152,7.4164886474609375,323464000
2020-05-07,7.555707718701087,7.656075223288168,7.504403377716655,7.592816352844238,373732000
2020-05-08,7.664541924266465,7.789067383556016,7.630671079144231,7.782841205596924,339216000
2020-05-11,7.777859729099312,8.081702140340006,7.7492189317331155,8.034880638122559,469060000
2020-05-12,8.092662595289598,8.141476375645489,7.763168152806162,7.772881031036377,493060000
2020-05-13,7.887445159898798,8.047833779094228,7.565920228879928,7.750467300415039,625852000
2020-05-14,7.811981520060034,8.005494220239203,7.658316935036619,8.000015258789062,602312000
2020-05-15,7.859798329109652,8.468229475653192,7.84410818887275,8.458517074584961,987660000
2020-05-18,8.727243613025756,8.882651547418833,8.647547382576075,8.717032432556152,774460000
2020-05-19,8.756881430566535,9.05300284387516,8.72948567045255,8.772073745727539,717320000
2020-05-20,8.956868560528548,9.00867120384634,8.85500662294641,8.935948371887207,587536000
2020-05-21,9.01713783333669,9.018133489775131,8.704329751918879,8.741936683654785,761068000
2020-05-22,8.791748124718579,9.05848245567166,8.680173774561219,8.991985321044922,1038764000
2020-05-26,9.121990786032542,9.146896456290698,8.639081097868928,8.684657096862793,770780000
2020-05-27,8.592259364834648,8.599979504888069,7.966394090073239,8.492888450622559,1175892000
2020-05-28,8.380316297061471,8.727244712419553,8.347441574108315,8.45478343963623,734896000
2020-05-29,8.522026736622248,8.841808319091797,8.452790589096749,8.841808319091797,745256000
2020-06-01,8.799718404433667,8.807189629886395,8.656513899580409,8.772820472717285,389876000
2020-06-02,8.762859753465104,8.803703532121949,8.625134201215374,8.791749000549316,391320000
2020-06-03,8.788761169686277,8.832593819196138,8.66697467494194,8.736210823059082,365440000
2020-06-04,8.698835276385058,8.913366038653837,8.648504104619935,8.737207412719727,424280000
2020-06-05,8.765113570592039,8.966936309509999,8.678902442637584,8.890193939208984,481748000
2020-06-08,8.847586490803435,8.860044532100977,8.656726674779266,8.775578498840332,387736000
2020-06-09,8.770596404202193,9.079311028949158,8.722009370532396,9.01577377319336,468488000
2020-06-10,9.13711386987985,9.468253210298899,9.122910737278414,9.335448265075684,632180000
2020-06-11,9.119424348084378,9.230302523523088,8.756641306957437,8.766857147216797,583652000
2020-06-12,9.131882753955262,9.15654980544635,8.674166945963702,8.902650833129883,570908000
2020-06-15,8.785795280600206,9.151568620934619,8.71453341379192,9.143096923828125,400004000
2020-06-16,9.194176362324052,9.235786815047943,8.809216467192664,9.038198471069336,535716000
2020-06-17,9.083296156036427,9.267926459696755,9.03994061738912,9.205137252807617,408304000
2020-06-18,9.196166481486612,9.251481048223875,9.084042231277644,9.187196731567383,254408000
2020-06-19,9.211614321235759,9.413437011648055,9.196415077384584,9.230300903320312,524160000
2020-06-22,9.268924225594319,9.499401313261167,9.242263048072369,9.494915962219238,398468000
2020-06-23,9.51908600474059,9.610280548689325,9.376066118055864,9.418423652648926,375108000
2020-06-24,9.444583339005746,9.52456590878175,9.11394201664744,9.204638481140137,449372000
2020-06-25,9.324488051594027,9.47323936643009,9.151567737181917,9.45828914642334,376072000
2020-06-26,9.468258165634744,9.468258165634744,9.09451113278074,9.124410629272461,592084000
2020-06-29,9.139108650164536,9.17374251463662,8.870259451487689,9.169257164001465,342248000
2020-06-30,9.282876814770328,9.494417324773647,9.23553588117159,9.466012954711914,367892000
2020-07-01,9.488935861413747,9.543752379614716,9.381545975638707,9.498154640197754,326648000
2020-07-02,9.606792715660907,9.704963844116856,9.546245694759786,9.580132484436035,364056000
2020-07-06,9.709196693635228,9.875638463275735,9.680044291077756,9.806370735168457,315892000
2020-07-07,9.913014377468242,10.036350598341052,9.817833500147767,9.838763236999512,357800000
2020-07-08,9.960352696123655,10.190830669661615,9.932197359968933,10.181859970092773,365480000
2020-07-09,10.345563061624642,10.534678706705217,10.199302996642238,10.473882675170898,494548000
2020-07-10,10.553369862639382,10.619647378290345,10.344071494306418,10.444235801696777,497676000
2020-07-13,10.559596310858286,10.75618660028211,9.991500360563432,10.018659591674805,457076000
2020-07-14,10.041333369102032,10.367988370836883,9.752800521431915,10.342324256896973,542676000
2020-07-15,10.379449611889603,10.398136195594192,10.022147113755791,10.193074226379395,403984000
2020-07-16,9.98153456717631,10.172643396239954,9.862433724530087,10.100884437561035,344964000
2020-07-17,10.191332731820053,10.214255644148915,10.05404333514164,10.167412757873535,266284000
2020-07-20,10.239918382391592,10.496059580431382,10.122810707249148,10.475627899169922,284852000
2020-07-21,10.47787148249511,10.52471531912563,10.252377776581945,10.293988227844238,277036000
2020-07-22,10.332856798592301,10.567071192485503,10.257110543380008,10.403868675231934,367292000
2020-07-23,10.415080926468928,10.511756920696598,9.997730378043748,10.095901489257812,411660000
2020-07-24,9.842003296535323,10.330116735868573,9.744331183309702,10.160435676574707,473292000
2020-07-27,10.198057301638004,10.40685658082573,10.183605140090775,10.386674880981445,292132000
2020-07-28,10.339585085814322,10.34730874833606,10.175136467650624,10.181365013122559,271636000
2020-07-29,10.356029423457086,10.48110979367714,10.312425803409024,10.430529594421387,284508000
2020-07-30,10.340334278831216,10.587505787271645,10.260850684627774,10.578536033630371,308880000
2020-07-31,10.527952620518944,10.73052434521715,10.398137872090295,10.579280853271484,386080000
2020-08-03,10.696639191873953,11.061665465735489,10.679446769081574,10.973461151123047,412720000
2020-08-04,11.01307753244664,11.19023323059082,10.869558643264735,11.19023323059082,310336000
2020-08-05,11.206430225019636,11.333752811688306,11.128939810153922,11.24903678894043,249924000
2020-08-06,11.311824867203157,11.320047535905452,11.141396727758718,11.297622680664062,244316000
2020-08-07,11.274698313590116,11.466306144698953,11.000617629808353,11.162075996398926,342516000
2020-08-10,11.296377162008786,11.370129298621078,10.82022278340966,11.127692222595215,427796000
2020-08-11,11.036745063035063,11.09953521649184,10.75967416048644,10.813743591308594,354512000
2020-08-12,10.95402521578607,11.428683543710854,10.921633546935348,11.402023315429688,464412000
2020-08-13,11.507416812457388,11.682580247060663,11.317803116869817,11.40476131439209,374460000
2020-08-14,11.491470467220413,11.665636840211876,11.402270069891625,11.525357246398926,366436000
2020-08-17,11.811650197220596,12.368284326904558,11.777764359136203,12.295777320861816,621300000
2020-08-18,12.408398541639869,12.454245313188446,12.045864494634852,12.219780921936035,503448000
2020-08-19,12.255410561571033,12.273848118963732,12.057573232548004,12.097938537597656,622624000
2020-08-20,11.934986705835776,12.33364975196691,11.839057786602936,12.100431442260742,921388000
2020-08-21,12.160976425454727,12.765948423584227,12.15449790253474,12.641117095947266,999868000
2020-08-24,12.840701253628978,12.869355608945371,12.46570815846492,12.67774772644043,490564000
2020-08-25,12.58854184440861,12.718605596164707,12.531732160190586,12.707393646240234,289076000
2020-08-26,12.756481195188652,12.825499904060521,12.635387169963574,12.730319023132324,321244000
2020-08-27,12.738791517285438,12.80706314715516,12.524509770273834,12.586053848266602,317604000
2020-08-28,12.632646039290359,13.104065060151868,12.600254373540526,13.103816032409668,537160000
2020-08-31,13.138700339569239,13.529639719330325,12.994185343077556,13.32981014251709,500840000
2020-09-01,13.438976442437339,13.951163045336086,13.395608877349849,13.778939247131348,511316000
2020-09-02,14.659001312168998,14.681932030587575,13.857697349645273,14.302839279174805,874012000
2020-09-03,13.78666378202663,13.842244008175442,12.839555164943249,12.975889205932617,945128000
2020-09-04,12.744844850038128,13.134904769082933,11.669129045305858,12.584086418151855,1463684000
2020-09-08,11.69878640008038,12.51180471357899,11.668628868001777,11.87674331665039,795728000
2020-09-09,12.362262918703752,12.770267714017038,12.194524867289132,12.676304817199707,736200000
2020-09-10,12.949717394700716,13.025486301641582,12.129969547825763,12.274279594421387,698684000
2020-09-11,12.447505677192153,12.613997296510128,11.859550057914214,12.127482414245605,636928000
2020-09-14,13.041191926833609,13.27447906724328,12.592810669626905,12.833076477050781,1201744000
2020-09-15,13.23958567278816,13.258278802427236,12.788712444001021,12.951465606689453,727556000
2020-09-16,12.917818237905777,13.052905839699783,12.475668327283115,12.476415634155273,556384000
2020-09-17,12.095326517421816,12.551434617327256,11.998123401250991,12.425568580627441,792512000
2020-09-18,12.555419989703752,12.594051746963578,11.952261808355416,12.152151107788086,698460000
2020-09-21,11.888708100792234,12.484389539998377,11.868270307160746,12.479155540466309,721044000
2020-09-22,12.536727198929006,12.609504974318051,12.118504568029845,12.599286079406738,646452000
2020-09-23,12.537228000249492,12.688267633843767,12.042489056909767,12.08685302734375,647012000
2020-09-24,12.035510969124187,12.531247296074222,11.977437815005485,12.310420989990234,731240000
2020-09-25,12.409618591217493,12.844291577500536,12.208482777349888,12.83457088470459,588016000
2020-09-28,13.000565764614077,13.012031125329392,12.711199227724991,12.995331764221191,573808000
2020-09-29,12.898126471531569,13.401838788789666,12.893889831776605,13.18549919128418,621460000
2020-09-30,13.117456751765154,13.581041723632554,13.110228983739411,13.4893217086792,689184000
2020-10-01,13.716132248953993,13.720867094062315,13.419786089955426,13.573068618774414,525004000
2020-10-02,13.18475308134866,13.478356236260835,13.01128187322965,13.02249813079834,552496000
2020-10-05,13.195720800960808,13.602728286554541,13.182510772940786,13.600983619689941,479820000
2020-10-06,13.787910100750363,14.098960842769742,13.623412295023178,13.694694519042969,784420000
2020-10-07,13.95714274462038,14.076279213328517,13.82130691885235,13.921501159667969,418084000
2020-10-08,14.032164652801438,14.041636242980116,13.71612995773893,13.79663372039795,378900000
2020-10-09,13.72510379432774,13.782179591164098,13.619177329645565,13.720866203308105,346892000
2020-10-12,13.946923956456635,14.303336005649518,13.870158635377013,14.182703971862793,434744000
2020-10-13,14.252991702466591,14.30483349663295,13.976086963138583,14.204888343811035,344604000
2020-10-14,14.247009210749079,14.29910010632329,13.917515375879658,14.052353858947754,276100000
2020-10-15,13.768718908966557,13.963125149314527,13.725849552912674,13.927484512329102,267224000
2020-10-16,13.994031129475207,14.07852338069987,13.750524170509511,13.769466400146484,242392000
2020-10-19,13.860687988387964,13.940942647700611,13.36594810565735,13.456671714782715,298068000
2020-10-20,13.542157999557386,13.757750252633395,13.465890891124296,13.60396957397461,229212000
2020-10-21,13.583535280397424,13.74952866518979,13.436484126487011,13.483590126037598,219596000
2020-10-22,13.48134769525117,13.570325697308954,13.191482018066099,13.32033920288086,290480000
2020-10-23,13.409065794613781,13.551880288502582,13.250799356069994,13.54888916015625,233484000
2020-10-26,13.386138098565883,13.651079281884025,12.998820194853183,13.10125732421875,336896000
2020-10-27,13.265504460887724,13.401091191687938,13.15135288296143,13.355978965759277,250520000
2020-10-28,13.1578329010127,13.2196444828129,12.570625726226456,12.588570594787598,376520000
2020-10-29,12.79942983329773,13.152601732230695,12.71119913413637,12.984365463256836,320080000
2020-10-30,12.810893624788754,12.897129593543116,12.262567264637163,12.495855331420898,416820000
2020-11-02,12.619229592342585,12.79768475398519,12.357279530009336,12.542464256286621,299652000
2020-11-03,12.669824999930903,13.06511799350483,12.564396738004714,12.979878425598145,272900000
2020-11-04,13.34850439160167,13.785421273951286,13.296413487129644,13.75227165222168,410228000
2020-11-05,14.119401951689364,14.295364206685473,13.948423644328457,14.11690902709961,319028000
2020-11-06,14.066809828518743,14.544352187106675,13.852714035338233,14.517683982849121,383348000
2020-11-09,14.508212670449465,14.6467895958849,13.569329090397103,13.58926773071289,582976000
2020-11-10,13.565093804544103,13.565093804544103,12.589821160724357,12.73114013671875,644068000
2020-11-11,13.014022262718191,13.394112346994168,12.908843120779,13.377163887023926,404744000
2020-11-12,13.437978740251724,13.724105001386421,13.275474700255113,13.415796279907227,365812000
2020-11-13,13.585777393792211,13.627151186548398,13.019506169381641,13.256532669067383,346312000
2020-11-16,13.132409872341098,13.607958384645956,13.11596056838028,13.474117279052734,413776000
2020-11-17,13.51125464161276,13.55487130447838,13.263261943515142,13.381401062011719,312028000
2020-11-18,13.424269216618635,13.56434168052157,13.1448725462646,13.387880325317383,510924000
2020-11-19,13.172538762935169,13.446452345652338,13.060131852933283,13.399346351623535,565936000
2020-11-20,13.41305564926679,13.453432082968522,13.025238610680692,13.047920227050781,341088000
2020-11-23,13.131165767553133,13.341772215729872,12.975889493731826,13.100010871887207,361356000
2020-11-24,13.102505175209538,13.12194561298306,12.845789093517691,12.918317794799805,346500000
2020-11-25,12.992839233588224,13.22911749877967,12.980377464249663,13.194473266601562,259916000
2020-11-27,13.33429431298339,13.36669566818434,13.130416493764512,13.220890045166016,167276000
2020-11-30,13.224629972711387,13.371681112927636,12.93277056325662,13.360713958740234,286952000
2020-12-01,13.451188755774265,13.487577650555359,13.187991311158573,13.349249839782715,296948000
2020-12-02,13.309870792632042,13.631887767453023,13.193974535937858,13.503280639648438,283360000
2020-12-03,13.550149946445117,13.62245088481355,13.292361370106766,13.359176635742188,199520000
2020-12-04,13.411534613451067,13.52272887825781,13.351949240248947,13.520983695983887,202244000
2020-12-07,13.56386361302514,13.69350639302831,13.462892225669556,13.569348335266113,223244000
2020-12-08,13.547658608359344,13.561370889474263,13.244992671415567,13.313304901123047,271920000
2020-12-09,13.263940122699115,13.377127781600759,12.83287824849887,12.895206451416016,401300000
2020-12-10,12.833624470485343,13.032825318722377,12.814177344186122,12.936590194702148,207764000
2020-12-11,12.931606849028675,12.984212441190055,12.787753432046163,12.9774808883667,209264000
2020-12-14,13.052024145554842,13.351947226601784,13.041553053490475,13.272167205810547,270156000
2020-12-15,13.402806834534603,13.426990207111126,13.150502967637742,13.323775291442871,193016000
2020-12-16,13.385604082057556,13.40031401679967,13.176181289004699,13.206099510192871,223116000
2020-12-17,13.330006122920596,13.342721698544022,13.142274011132221,13.304576873779297,231384000
2020-12-18,13.34222373459072,13.368152289041408,13.034572396275758,13.235518455505371,342064000
2020-12-21,13.038808096716188,13.333246407999729,12.931852708699227,13.295599937438965,302332000
2020-12-22,13.28263933889493,13.30058951211129,13.018118229033087,13.241751670837402,185580000
2020-12-23,13.219561371315317,13.238509197227785,12.969251869856985,12.973489761352539,179144000
2020-12-24,13.001411068937141,13.09639936262665,12.903182538590542,12.958030700683594,97884000
2020-12-28,13.026595731900704,13.026595731900704,12.728168616030118,12.864542007446289,212564000
2020-12-29,12.88947258005551,13.036567177285413,12.806949719669266,12.907671928405762,170372000
2020-12-30,12.954541407319397,13.177427290787712,12.86129923874275,13.109614372253418,225396000
2020-12-31,13.10039051897173,13.114850326350101,12.879498986368441,13.01911449432373,192424000
2021-01-04,13.068227445369613,13.61497054888344,12.926866769728559,13.077451705932617,560640000
2021-01-05,13.063742702493485,13.406547847863411,13.051028075172898,13.367904663085938,322760000
2021-01-06,13.186154937221913,13.208593129131398,12.551405089053157,12.579826354980469,580424000
2021-01-07,12.931853514826674,13.34097644502276,12.851076798731109,13.307318687438965,461480000
2021-01-08,13.32576639078645,13.384104911097678,13.006147079355697,13.240251541137695,292528000
2021-01-11,13.381864913182376,13.922625030648138,13.325769911241851,13.584057807922363,518344000
2021-01-12,13.714695193245172,13.716690501917393,13.308316058932354,13.447681427001953,291476000
2021-01-13,13.45291837429401,13.587547513691526,13.348207455464507,13.494553565979004,210028000
2021-01-14,13.537687222212863,13.562368950268702,13.144271775512705,13.16396713256836,283120000
2021-01-15,13.191638823831939,13.288621489742575,12.813182548933598,12.824151992797852,277780000
2021-01-19,12.980471556161469,13.058008048162339,12.808695229598227,12.989447593688965,226188000
2021-01-20,13.07570848862872,13.393582699187647,13.020860317595421,13.329010963439941,258572000
2021-01-21,13.38161577620076,13.960769900780255,13.21657100711801,13.829381942749023,337780000
2021-01-22,13.702232110393947,13.803702799106055,13.589791977354604,13.67480754852295,246820000
2021-01-25,13.74386752287208,13.790489088581495,13.200116324560353,13.615720748901367,251112000
2021-01-26,13.543170311270954,13.607243696761891,13.350700978936148,13.398320198059082,163980000
2021-01-27,13.193633079637165,13.196375916108444,12.758582504651379,12.882242202758789,371272000
2021-01-28,12.960528179642427,13.303084159813244,12.924876055382564,13.015127182006836,228316000
2021-01-29,13.03906087218396,13.298097268819046,12.876010448081596,12.954045295715332,271552000
2021-02-01,13.017369864440333,13.234271739579091,12.867283258352058,13.200614929199219,217204000
2021-02-02,13.361918849416156,13.534691854028042,13.248979428814112,13.519484519958496,220440000
2021-02-03,13.598516379702051,13.893454023984043,13.479345658396507,13.493307113647461,245408000
2021-02-04,13.493805954300223,13.635914172427226,13.30108745905453,13.626689910888672,201340000
2021-02-05,13.68727279952196,13.699489073194439,13.508514810660003,13.553640365600586,169152000
2021-02-08,13.68951770498705,14.433965799239166,13.68951770498705,14.399062156677246,434624000
2021-02-09,14.301326371758572,14.54316003264112,14.183401552868093,14.224040031433105,287560000
2021-02-10,14.423493930171468,14.864029232450724,14.302078715343187,14.723666191101074,485352000
2021-02-11,14.93907417108014,15.230271368597624,14.883975869271497,15.208829879760742,450828000
2021-02-12,15.008630938614067,15.24921783167627,14.734386284539758,14.920125007629395,374756000
2021-02-16,15.022842106467083,15.330245229763257,14.908905968770373,15.288110733032227,321960000
2021-02-17,15.129297432433582,15.181653843057108,14.739372419976553,14.865026473999023,274756000
2021-02-18,14.688513972152826,14.832367383423362,14.534936995845102,14.788239479064941,233868000
2021-02-19,14.983199622135507,15.135280572907543,14.80593859749199,14.885469436645508,271724000
2021-02-22,14.73413883525478,15.091653916167415,14.28562510312609,14.316290855407715,325884000
2021-02-23,14.036560433142531,14.199611797390215,13.352695375792258,14.103127479553223,391780000
2021-02-24,14.083930445946981,14.466874752951664,13.718187832909049,14.459145545959473,448320000
2021-02-25,14.006890071298857,14.335235329433283,13.179920216208293,13.270918846130371,824436000
2021-02-26,13.714694469044343,13.816414310688053,13.324271167356237,13.676799774169922,500932000
2021-03-01,13.836858901331096,13.886721646141039,13.515993674429316,13.80370044708252,353184000
2021-03-02,13.861790487808957,13.88223431881388,13.359176201562969,13.36939811706543,264116000
2021-03-03,13.389345841845765,13.414525920021216,12.763570112957732,12.769554138183594,377592000
2021-03-04,12.765564152325203,12.939335789618218,12.050534974127624,12.336247444152832,573344000
2021-03-05,12.515502848468161,12.515502848468161,11.647145933179123,12.42724609375,542840000
2021-03-08,12.415778809895029,12.436970172305145,11.534707165074408,11.561384201049805,543112000
2021-03-09,12.101080314395196,12.586410212706602,12.03025094944772,12.490142822265625,521824000
2021-03-10,12.809625103978197,12.948789343601785,12.427546599713711,12.438270568847656,384376000
2021-03-11,12.918859181164075,13.01487826331978,12.703877511856263,12.962254524230957,299916000
2021-03-12,12.617835826632309,12.85775797283578,12.559726418908703,12.82508659362793,243964000
2021-03-15,12.833815790763659,13.174993437402044,12.73655038799878,13.159530639648438,221988000
2021-03-16,13.32438515912402,13.48001020802936,13.085211707959399,13.259292602539062,272128000
2021-03-17,13.008394442841102,13.420899964632993,12.958265221766766,13.30916976928711,243864000
2021-03-18,13.104912906401868,13.152298347489506,12.686421267581059,12.69190788269043,293896000
2021-03-19,12.719339787056104,12.89042758263127,12.58217062668758,12.814859390258789,299208000
2021-03-22,12.881702007358415,13.362293192788187,12.875715916588083,13.15454387664795,297804000
2021-03-23,13.222378081333801,13.312411079207246,12.989938556697368,13.03931999206543,222048000
2021-03-24,13.11962850631561,13.127609643744384,12.606365925111128,12.612600326538086,245840000
2021-03-25,12.469445357031612,12.684177805880898,12.2424924164565,12.505108833312988,295144000
2021-03-26,12.524312903240872,12.825337541765567,12.343748353056053,12.808378219604492,363968000
2021-03-29,12.78942273403669,13.031090675273532,12.669462131329421,12.917115211486816,273520000
2021-03-30,12.811121947377256,12.94405178918134,12.674451274514764,12.840800285339355,200204000
2021-03-31,12.98420332881414,13.43810917129634,12.9512826873844,13.316153526306152,314776000
2021-04-01,13.53961549662177,13.836649068616161,13.47876135089738,13.778539657592773,308276000
2021-04-05,13.834156560746564,13.980303943139157,13.699979457265435,13.95386791229248,255672000
2021-04-06,13.966087750801348,14.020456332659267,13.740382073163454,13.828169822692871,191744000
2021-04-07,13.847369716000777,14.209247439588049,13.678527187304434,14.109488487243652,251284000
2021-04-08,14.218482950219602,14.436707016367176,14.214741167068103,14.282578468322754,244416000
2021-04-09,14.179823817509423,14.373357610332969,14.140918029973408,14.365376472473145,195172000
2021-04-12,14.255388124398815,15.315582436151844,14.105249728732677,15.1724271774292,869324000
2021-04-13,15.19487250893885,15.662246044734042,15.08937672207386,15.64179515838623,676212000
2021-04-14,15.58742960589037,15.682699968030521,15.19088535866127,15.240266799926758,385500000
2021-04-15,15.62483885030277,16.17526231313936,15.593913254880118,16.098447799682617,598480000
2021-04-16,16.014400254473074,16.12688015312837,15.827101834062784,15.874238967895508,335208000
2021-04-19,15.499142071927194,15.769490354274648,15.1963716702609,15.324811935424805,404420000
2021-04-20,15.286404377411316,15.459736511655237,14.927021094143807,15.134770393371582,334132000
2021-04-21,15.082394186533898,15.325558621817416,15.06593434289762,15.323563575744629,216776000
2021-04-22,15.338029776421406,15.401377489777921,14.747951796422132,14.814541816711426,277788000
2021-04-23,14.8983398121262,15.298126350819684,14.864422122239874,15.228544235229492,227500000
2021-04-26,15.148488737267819,15.441781499599918,15.088632586087162,15.440783500671387,197796000
2021-04-27,15.5410374488191,15.632816219738375,15.317576134901781,15.34476089477539,164572000
2021-04-28,15.327555418613876,15.494902413959666,15.178913528331181,15.240015983581543,209416000
2021-04-29,15.362966780466863,15.399378984995874,15.035256939705752,15.287898063659668,173196000
2021-04-30,15.138011900106177,15.328053131684458,14.96093799310581,14.973407745361328,201912000
2021-05-03,15.088630880297941,15.210088002136116,14.751942803190856,14.801074028015137,203912000
2021-05-04,14.60205255874538,14.602301820585291,13.976560415682533,14.316740036010742,405324000
2021-05-05,14.673630127077862,14.777879613344718,14.352903386413088,14.42373275756836,292024000
2021-05-06,14.460395780964397,14.536213251343705,14.183813093414063,14.488079071044922,193380000
2021-05-07,14.77264412349218,14.934752822888287,14.63647197878398,14.776634216308594,229328000
2021-05-10,14.751693870139158,14.770398976353079,14.215736112634747,14.23144817352295,268904000
2021-05-11,13.79175516546557,14.320231159021995,13.716935706433956,14.27184772491455,285584000
2021-05-12,13.97581304781882,14.225960648008476,13.676285911200809,13.725417137145996,303408000
2021-05-13,14.000004653779142,14.046892522562851,13.42663672520172,13.632390975952148,285404000
2021-05-14,13.856600805253224,14.293547327705214,13.71544058063384,14.208751678466797,258616000
2021-05-17,14.12295954801123,14.135180040011685,13.82019008010869,14.131439208984375,216980000
2021-05-18,14.232694152038103,14.369614071089012,13.970326067682649,13.982048034667969,186256000
2021-05-19,13.533879052089034,14.045646030339208,13.510685329671647,14.031929016113281,344000000
2021-05-20,14.26810895417662,14.648442606942425,14.23618631019407,14.577363967895508,321592000
2021-05-21,15.127287217753507,15.185397577080348,14.833745230232525,14.955700874328613,672992000
2021-05-24,15.175918888585613,15.707138679101547,15.139506681126331,15.574459075927734,554816000
2021-05-25,15.728089186198519,15.78046271741697,15.445271166237749,15.610123634338379,435408000
2021-05-26,15.6964184264144,15.755775105039325,15.548774515545297,15.662250518798828,370440000
2021-05-27,15.661998843698058,15.712128067476398,15.422825430003508,15.45075798034668,581476000
2021-05-28,15.463723946253047,16.238356385304378,15.463723946253047,16.205434799194336,644536000
2021-06-01,16.23087513865415,16.348840670153905,15.865006366078582,16.225387573242188,472804000
2021-06-02,16.213169379682352,16.87806675878463,16.196459323010565,16.737903594970703,594168000
2021-06-03,16.66059325231189,17.217501361578147,16.543126215762054,16.928945541381836,580008000
2021-06-04,17.071354146455292,17.61853540043628,17.054396725929376,17.535985946655273,617120000
2021-06-07,17.529003506579848,17.769672544203313,17.151413567669685,17.576637268066406,575756000
2021-06-08,17.485108269873507,17.57913138386733,17.209521640268626,17.415027618408203,323848000
2021-06-09,17.477638864993665,17.536759822813195,17.2182043631533,17.320480346679688,381656000
2021-06-10,17.312247392861362,17.453938603804676,17.13862622387971,17.387083053588867,287772000
2021-06-11,17.441468071432727,17.900218878027967,17.405796419322247,17.786466598510742,416308000
2021-06-14,17.86703990790393,18.00024858332925,17.624319282646518,17.979543685913086,321376000
2021-06-15,17.876021758142812,17.97705115558562,17.689428355533973,17.74979591369629,243032000
2021-06-16,17.752041326978315,17.91568405366824,17.546238944523466,17.77149772644043,307124000
2021-06-17,17.735824645418788,18.794016313609266,17.71761484251838,18.616653442382812,809656000
2021-06-18,18.743128393374096,19.332842043852928,18.54356281099688,18.598194122314453,968856000
2021-06-21,18.395133731352715,18.496165007322087,17.783967309068814,18.38715171813965,672384000
2021-06-22,18.43131006974648,18.922489472768028,18.345995385212372,18.84565544128418,580144000
2021-06-23,18.966389599449883,19.111074543121184,18.866606814049042,19.01578140258789,332356000
2021-06-24,19.185908533421827,19.377739470457943,19.04671053647871,19.163705825805664,320924000
2021-06-25,19.23854513411133,19.303404223942387,18.853385408046595,18.989587783813477,278364000
2021-06-28,19.31911966222412,20.03505906064387,19.276961918357816,19.941513061523438,495436000
2021-06-29,19.839238276802046,20.055017215462307,19.614228825317294,19.98317527770996,367632000
2021-06-30,19.955731788493523,20.118626523964124,19.820526683895242,19.958974838256836,326568000
2021-07-01,20.08121155895554,20.411490737241277,19.975441297900506,20.16802215576172,480136000
2021-07-02,20.39577356791263,20.4606326644844,20.243605247031763,20.442420959472656,342764000
2021-07-06,20.692378064925016,20.79665050849105,20.305971658098485,20.65346336364746,446708000
2021-07-07,20.808127298112325,20.829580152975506,20.287762343776677,20.327425003051758,418428000
2021-07-08,19.813296811765635,20.089193999690128,19.65788541886709,19.859445571899414,503300000
2021-07-09,19.91906376493343,20.036557723430114,19.711266844701097,20.006622314453125,296624000
2021-07-12,20.19596073217783,20.488073160672595,20.14382451126904,20.46786880493164,321984000
2021-07-13,20.35611021391854,20.416728988148265,20.070234579260333,20.2059383392334,290708000
2021-07-14,20.31344988634673,20.37331878876877,19.709766870329428,19.798322677612305,380100000
2021-07-15,19.76863936319623,19.803812368700406,18.817462784825665,18.924978256225586,550564000
2021-07-16,18.989094017529073,19.11531795776624,18.03367688079164,18.121484756469727,688224000
2021-07-19,17.8762706344463,19.0005680837094,17.82662760193869,18.738889694213867,749060000
2021-07-20,18.689247885728673,18.797012707603244,18.124479371223725,18.571504592895508,434687000
2021-07-21,18.84091814006638,19.48451526138148,18.701223349033192,19.367769241333008,371017000
2021-07-22,19.59925696547212,19.843722751735353,19.2340522965266,19.551361083984375,323826000
2021-07-23,19.613230134811644,19.657135018315007,19.20811342375311,19.515443801879883,195672000
2021-07-26,19.26897927272138,19.399692825674848,18.872841897721102,19.252016067504883,203943000
2021-07-27,19.22307963138905,19.57930316589248,18.70021966396074,19.16620445251465,248863000
2021-07-28,19.276960231537203,19.603248312954715,18.953665880664538,19.460559844970703,202191000
2021-07-29,19.476522741336918,19.809797443506426,19.28593840207854,19.619213104248047,190781000
2021-07-30,19.375748451904354,19.587287063356925,19.22108692799427,19.456573486328125,183497000
2021-08-02,19.657133182845243,19.917564922094176,19.318870152980445,19.70702362060547,217444000
2021-08-03,19.697047350024675,20.17799891261404,19.178178365355716,19.77188491821289,301811000
2021-08-04,19.946500792603732,20.273788072592087,19.784852655892557,20.229883193969727,231309000
2021-08-05,20.455393391942923,20.687886201830914,20.297736245228386,20.59209442138672,211435000
2021-08-06,20.47934295014833,20.525242388893872,20.166025087132084,20.321685791015625,178497000
2021-08-09,20.401511658192522,20.463377029370942,20.099171444077207,20.25084114074707,146443000
2021-08-10,20.277781775220678,20.385546579623433,19.791840024636087,19.892621994018555,179238000
2021-08-11,19.99939077991598,20.00537824310639,19.387725547926532,19.656139373779297,185925000
2021-08-12,19.826766828016936,19.98541936157483,19.577310788879924,19.861690521240234,151652000
2021-08-13,19.86169397483296,20.170021708044562,19.807810608377068,20.14407730102539,183063000
2021-08-16,20.091188339703365,20.242858028146486,19.410671196851336,19.906591415405273,210876000
2021-08-17,19.64216427592462,19.726980302862234,19.225074588155476,19.415658950805664,204585000
2021-08-18,19.457567605688546,19.591276795483786,18.958655615799096,18.99856948852539,285913000
2021-08-19,19.45157971631027,20.450402853177355,18.721172228988664,19.754919052124023,766555000
2021-08-20,19.947498712068025,20.819597432017076,19.889626260196447,20.77070426940918,675741000
2021-08-23,20.925367408903398,21.949133886284063,20.90441319662244,21.910219192504883,575807000
2021-08-24,21.705668697425946,21.91121984527033,21.488142624605064,21.745580673217773,297299000
2021-08-25,21.68970113640181,22.42110597550805,21.674734384503616,22.16466522216797,347701000
2021-08-26,22.151694125179088,22.29138887971176,21.742586427020587,22.019981384277344,237940000
2021-08-27,22.135728184168347,22.67255761615726,22.118764977811992,22.58674430847168,304722000
2021-08-30,22.780324953300276,22.992860839610426,22.501932689226567,22.638633728027344,262580000
2021-08-31,22.649608484899172,22.649608484899172,22.07575965768957,22.340229034423828,259850000
2021-09-01,22.440026966596335,22.651602825654788,22.312282728451557,22.396114349365234,201767000
2021-09-02,22.472963473317794,22.547814234143726,22.25040990145663,22.351207733154297,187834000
2021-09-03,22.28034632859183,22.940023496844223,22.15559635341166,22.79730987548828,280532000
2021-09-07,22.787335777784136,22.853203767166427,22.476956933731895,22.61667823791504,198107000
2021-09-08,22.46797667861848,22.564782809886207,21.933047423413097,22.29432487487793,254434000
2021-09-09,22.267380630146775,22.492928506758407,22.086742838462,22.13265037536621,196856000
2021-09-10,22.303305265123626,22.580749164339206,22.225462142459637,22.433046340942383,248376000
2021-09-13,22.638634077760237,22.918074788491385,21.814285789460758,22.107698440551758,297500000
2021-09-14,22.230454257206475,22.365184513739162,22.041833040181317,22.197521209716797,199755000
2021-09-15,22.26438056010112,22.32226511976402,21.92206617131034,22.296316146850586,166538000
2021-09-16,22.138639182204038,22.232451064721456,21.88315061114053,22.197521209716797,156033000
2021-09-17,22.255396935153808,22.27635484161504,21.78633766897364,21.856197357177734,294503000
2021-09-20,21.103709028083614,21.390135698092887,20.62067774864636,21.070775985717773,349440000
2021-09-21,21.374167828404968,21.38215125048183,20.908102728704673,21.203510284423828,204688000
2021-09-22,21.323266863029662,21.916078715957664,21.153606789755287,21.897117614746094,268726000
2021-09-23,22.095719552405832,22.48993001213596,21.846219550581797,22.437036514282227,248555000
2021-09-24,22.025860850712053,22.104703326923833,21.817279205250262,22.03683853149414,217655000
2021-09-27,21.66657747278545,21.75540016667128,21.28234917650894,21.61667823791504,245215000
2021-09-28,21.171573627077777,21.37616355989033,20.60969797306215,20.657602310180664,343069000
2021-09-29,20.898117873834778,20.974963529034678,20.426062456758544,20.475963592529297,218394000
2021-09-30,20.726466135527005,21.02387050621743,20.646626202092957,20.674570083618164,221009000
2021-10-01,20.708501076159504,20.81728233562724,20.16259416455059,20.700517654418945,240978000
2021-10-04,20.462990723640694,20.500914828409346,19.515889363226243,19.692535400390625,345635000
2021-10-05,19.910099697137067,20.606703614215917,19.814291032214488,20.410097122192383,279282000
2021-10-06,20.07975810118964,20.678556496761352,20.039837192933565,20.658597946166992,297202000
2021-10-07,21.04981455953654,21.279356000810225,20.93005562833921,21.03285026550293,256919000
2021-10-08,21.05879954430364,21.163589095973563,20.73345130466113,20.789339065551758,151258000
2021-10-11,20.53385318866345,21.020876210710632,20.469980099905914,20.65361213684082,163388000
2021-10-12,20.786345257684726,21.014887372593435,20.486945988261173,20.62965965270996,162134000
2021-10-13,20.87616161512475,20.948018111964863,20.671571707474783,20.897119522094727,180652000
2021-10-14,21.245422863057826,21.711487891625207,21.07975450727623,21.70250701904297,243589000
2021-10-15,21.766377503308625,21.887135781751308,21.618674704439137,21.818273544311523,226994000
2021-10-18,21.70550713295663,22.246423064472165,21.600715664136292,22.177560806274414,189494000
2021-10-19,22.23144851974982,22.33424316603566,21.992928087947277,22.24542236328125,161473000
2021-10-20,22.260389680936733,22.38813393623857,21.93803573565235,22.058794021606445,146276000
2021-10-21,22.052806653024465,22.665578987578353,22.038834713601,22.646615982055664,187590000
2021-10-22,22.777353835554827,23.083739042087227,22.515878704929623,22.6805477142334,249384000
2021-10-25,22.927052272285216,23.308288220189993,22.724459167024005,23.119667053222656,230235000
2021-10-26,23.941025377927865,25.208485996676536,23.876154836652052,24.66756820678711,485898000
2021-10-27,24.425054326417126,25.039821584949518,24.23343697536575,24.402099609375,245990000
2021-10-28,24.82824337230128,24.90009987226835,24.473953841800572,24.891117095947266,234204000
2021-10-29,24.95099920872896,25.65758344122297,24.950001756876496,25.515867233276367,292503000
2021-11-01,25.597699462588817,25.842208370772433,25.176542623852935,25.77534294128418,265740000
2021-11-02,25.77035548395975,26.624642445128146,25.74839822088108,26.348196029663086,294112000
2021-11-03,26.61666012204164,26.730432442031542,26.18253065428249,26.544803619384766,239910000
2021-11-04,27.174541418674576,31.302268996700604,27.063763360503756,29.741397857666016,1153631000
2021-11-05,30.126626726954036,31.337200090334967,29.351180288906395,29.69249725341797,851260000
2021-11-08,30.088700927961273,31.037799102057534,29.847184359236596,30.74239158630371,503101000
2021-11-09,32.217439890459154,32.24538377071297,29.904074926394905,30.595687866210938,646746000
2021-11-10,29.297286997788127,30.7882983832966,28.72044201491712,29.40007972717285,636206000
2021-11-11,30.407064839506024,30.528820582340575,29.717446845019683,30.329219818115234,332172000
2021-11-12,29.949980650327845,30.61864073588858,29.570739579006492,30.329219818115234,413054000
2021-11-15,30.490897004453114,30.582712063187355,29.188506658934788,29.964950561523438,384909000
2021-11-16,29.699483039745203,30.329219659551242,29.646587638275633,30.142593383789062,264484000
2021-11-17,30.357160060926805,30.447979558927965,28.742396201116993,29.20247459411621,428508000
2021-11-18,32.30226783384212,32.6944795952981,31.258358361821458,31.611650466918945,781711000
2021-11-19,32.17850895917253,33.021820044529704,31.84118566714984,32.91902542114258,533867000
2021-11-22,33.44996288206681,34.5777039004289,31.83619827506484,31.892086029052734,754335000
2021-11-23,31.471928131145,32.29527884765058,30.818237481527007,31.682506561279297,532163000
2021-11-24,31.398080594044345,32.789291790947665,30.86614561342591,32.6086540222168,435162000
2021-11-26,32.534801023331475,32.64458164105371,31.287302829236772,31.43999671936035,283069000
2021-11-29,32.30127147962138,33.345177180046036,31.97192962824051,33.30924987792969,454964000
2021-11-30,33.102667048084335,33.28630100194642,31.80027839811367,32.610652923583984,622066000
2021-12-01,33.156623145941566,33.226491395375604,31.321073814822494,31.3759708404541,484368000
2021-12-02,31.155391320558387,32.41701789331646,30.966745117568845,32.065677642822266,472890000
2021-12-03,31.93990742713199,32.06866679334189,30.073418249201556,30.63536262512207,544325000
2021-12-06,29.82388986771861,30.18421203522017,27.985349758462842,29.9805965423584,658938000
2021-12-07,30.89886355698586,32.3880621631981,30.593436564190252,32.3661003112793,593053000
2021-12-08,31.93891081636006,32.229364723806796,31.36199520064279,31.7662353515625,475551000
2021-12-09,31.67441440701705,32.1445326151577,30.37086684108807,30.432750701904297,488507000
2021-12-10,31.09150255413688,31.246212162603936,29.804923628777917,30.14129066467285,488825000
2021-12-13,30.192200470205613,30.23711604757903,28.063204387226193,28.10811996459961,598344000
2021-12-14,27.646984365520247,28.624146025020703,27.198828121818575,28.28378677368164,667035000
2021-12-15,28.346670328673337,30.442727346391397,27.78572537359082,30.401803970336914,698297000
2021-12-16,31.093507864176537,31.10149226422885,28.04025158122605,28.333698272705078,707366000
2021-12-17,27.932452886899153,28.867693746505232,27.707874990959684,27.748798370361328,713758000
2021-12-20,27.25372806025843,28.09115141620582,27.094028654204006,27.666950225830078,461847000
2021-12-21,28.320722775354362,29.06532230281092,27.349548297152086,29.02040672302246,524385000
2021-12-22,28.83675210359211,29.499504868842678,28.39558070692335,29.34479522705078,395184000
2021-12-23,29.69913061663266,30.002560673422447,29.375739559080937,29.584346771240234,343022000
2021-12-27,29.604307224653834,31.028627790469503,29.584344321777383,30.88689422607422,403686000
2021-12-28,31.2532030974109,31.271168947003392,29.955643074521873,30.26506233215332,420591000
2021-12-29,30.21615258320105,30.490635793883296,29.310854299985547,29.94466209411621,343139000
2021-12-30,29.770989859620535,30.399807897690028,29.484530043487673,29.53044319152832,308864000
2021-12-31,29.618276726205597,29.973609113306747,29.275920414532827,29.355770111083984,266530000
2022-01-03,29.759014616950886,30.65333203753287,29.729070264899562,30.06443977355957,391547000
2022-01-04,30.22014674983897,30.410788077798994,28.295767620650075,29.235000610351562,527154000
2022-01-05,28.894637691840398,29.360761698058194,27.481298257590556,27.55216407775879,498064000
2022-01-06,27.588099741783743,28.384601671640166,27.014180561981156,28.125089645385742,454186000
2022-01-07,28.08815932852312,28.36863182128929,27.00619325798991,27.195837020874023,409939000
2022-01-10,26.531084683751956,27.417417654983364,25.595843939583116,27.348546981811523,594681000
2022-01-11,27.271691061328127,28.01229826458037,26.788600694044856,27.76476287841797,404089000
2022-01-12,28.01429568316571,28.541304091564665,27.55615795137803,27.94642448425293,383413000
2022-01-13,28.325708200729384,28.426518370331,26.44823991906949,26.525096893310547,540171000
2022-01-14,26.25061424198298,27.14593115848473,26.160783087768532,26.891408920288086,395832000
2022-01-18,26.21069250845789,26.58798300658738,25.721612797184033,25.85436248779297,424270000
2022-01-19,26.03002865451013,26.49315614018337,25.00495675510724,25.019927978515625,488315000
2022-01-20,25.256486736335646,25.530969979434104,24.03278709885486,24.104652404785156,435181000
2022-01-21,23.46285639704498,24.77638507788822,23.219315120156867,23.330106735229492,718958000
2022-01-24,22.288070327962895,23.336097955364192,20.848778570710763,23.328113555908203,913982000
2022-01-25,22.503666802490496,22.89992265312738,21.958692452840666,22.28208351135254,664616000
2022-01-26,23.19635817285273,24.011823393066905,22.258122833549013,22.729236602783203,755959000
2022-01-27,23.523742843058645,23.949941032665212,21.634296122293797,21.90279197692871,573353000
2022-01-28,21.970661621533505,22.81507354307884,21.2560066321549,22.797107696533203,543774000
2022-01-31,23.13846563430385,24.46297522421646,23.008710599499196,24.440017700195312,564680000
2022-02-01,25.056862343622143,25.09778572349941,23.845141169237973,24.591737747192383,518925000
2022-02-02,25.745564557034434,25.768520179599825,24.50689378433657,25.19460105895996,543419000
2022-02-03,24.412072945866115,25.02991006972771,23.735346596985227,23.903030395507812,410178000
2022-02-04,23.926985971116707,24.588741109350796,23.587624264136814,24.273334503173828,354829000
2022-02-07,24.32623759874829,25.13471616731437,24.15655672349197,24.681570053100586,376868000
2022-02-08,24.31326167407025,25.18262653375046,23.93497359128838,25.060855865478516,410359000
2022-02-09,25.573885443300902,26.674814813336624,25.305391483792267,26.65485191345215,524282000
2022-02-10,25.946187300267976,26.874439342581965,25.55192857628441,25.7755069732666,513200000
2022-02-11,25.867337326872903,26.10289424544427,23.728361635023283,23.904029846191406,605472000
2022-02-14,23.88905309300008,24.828285924188492,23.71038839366315,24.22142791748047,440424000
2022-02-15,24.90214755240517,26.49515108603757,24.73745839670065,26.44524574279785,699869000
2022-02-16,26.209690287916487,26.53208369636032,25.504017197511143,26.46121597290039,732676000
2022-02-17,25.581867832434895,25.736577438737648,24.11962075043621,24.46097755432129,810595000
2022-02-18,24.621679168224247,24.939082838737185,23.0566245770059,23.597606658935547,761255000
2022-02-22,22.991747808409354,24.01881501983619,22.956813679025263,23.346080780029297,633422000
2022-02-23,23.757307042781296,24.109644854532323,22.259126017978552,22.34496307373047,566511000
2022-02-24,20.97553589686879,23.755305869212535,20.85077063095115,23.70340347290039,735801000
2022-02-25,23.67645692589719,24.171523913284446,23.33709523205196,24.111637115478516,528866000
2022-02-28,23.946948828939572,24.61868541660264,23.662484149159184,24.339210510253906,477319000
2022-03-01,24.245389278934127,24.331228238847523,23.088565131328828,23.43291664123535,412056000
2022-03-02,23.71542829976155,24.367312937183573,23.375011080321244,24.178634643554688,389642000
2022-03-03,24.22057038013942,24.284462178005864,23.428925204131293,23.673507690429688,365095000
2022-03-04,23.34406444319297,23.639558447767268,22.443604496191426,22.89682960510254,431415000
2022-03-07,22.778034872590876,22.99366751768787,21.293574708172034,21.315536499023438,450821000
2022-03-08,21.272608854056895,22.334790949716915,20.61473388741202,21.477258682250977,557467000
2022-03-09,22.348772649291472,23.18035045928423,22.20901231285295,22.974702835083008,492742000
2022-03-10,22.492526435574025,22.749087554578587,21.844634493671357,22.61931037902832,428066000
2022-03-11,22.98268413168652,23.10547517835585,22.00835103815082,22.062259674072266,367209000
2022-03-14,21.831652454533078,22.223980954066924,21.122865878879807,21.2935733795166,385354000
2022-03-15,21.48124860526737,22.998653022307895,21.285584210818904,22.93376350402832,491996000
2022-03-16,23.459868905600338,24.55499567382149,23.132429916714216,24.45416831970215,671422000
2022-03-17,24.078810481624476,24.799575721071584,23.865175234327694,24.72370719909668,471941000
2022-03-18,24.75664887906933,26.523626588900953,24.58194849988739,26.40782356262207,730719000
2022-03-21,26.46173332477092,27.1056322996586,25.9226545818627,26.688344955444336,591727000
2022-03-22,26.681356900710014,27.191485837108747,26.02747667962691,26.47870445251465,547007000
2022-03-23,26.08138564283165,26.566555790608174,25.53132786261635,25.590227127075195,502120000
2022-03-24,26.12131570154282,28.27163656434752,25.862757228731745,28.101926803588867,877379000
2022-03-25,27.83837565440713,28.30956968933886,27.224426186843033,27.64470672607422,579016000
2022-03-28,27.708602012632376,28.201757898322008,27.159540096935817,28.17081069946289,425494000
2022-03-29,28.6459981600016,28.896568986937016,27.9322189903462,28.607065200805664,488984000
2022-03-30,28.25566142240635,28.447332948581966,27.456028828751474,27.642709732055664,463487000
2022-03-31,27.734556037108018,28.199759848995615,27.22343125201627,27.239402770996094,523440000
2022-04-01,27.328251643135296,27.449045300550598,26.222143975568336,26.666383743286133,517235000
2022-04-04,26.682357489080253,27.51094002983232,26.56755410197447,27.313278198242188,397120000
2022-04-05,27.207453472727924,27.272342994445385,25.775902540384944,25.8867130279541,436615000
2022-04-06,24.891420684040277,25.256794895732096,23.96201077926556,24.365320205688477,703833000
2022-04-07,24.399266069354333,24.679786388510596,23.43791108263458,24.166664123535156,557992000
2022-04-08,23.87615291966221,23.88214319041251,23.022613597298893,23.07951545715332,524781000
2022-04-11,22.17606367480143,22.28188164284784,21.623008941888777,21.87957000732422,575207000
2022-04-12,22.49851442665196,22.686193106585748,21.245656512359055,21.46727752685547,662258000
2022-04-13,21.690895614899215,22.461576626486607,21.418361102559462,22.165082931518555,516943000
2022-04-14,22.466567076302507,22.73810384262481,21.12685977186601,21.221696853637695,569097000
2022-04-18,21.163799193343092,22.05028140912136,21.043005526079824,21.745803833007812,525701000
2022-04-19,21.682907063141688,22.334791782893344,21.27760027107761,22.160091400146484,512781000
2022-04-20,22.47854673100078,22.631285322979373,21.163796404887236,21.445314407348633,468974000
2022-04-21,21.671927949841855,22.353762178727116,19.965846713738475,20.148534774780273,656209000
2022-04-22,20.26832667198084,20.451014713943,19.466698512825126,19.481672286987305,624713000
2022-04-25,19.169211704886056,19.9109430417636,19.063393708255024,19.868017196655273,641566000
2022-04-26,19.684330778318476,19.75421094458846,18.63811996421201,18.755918502807617,653143000
2022-04-27,18.566240617386796,19.134269205770206,18.258767915415245,18.383554458618164,499460000
2022-04-28,18.93460792239906,20.00278221585731,18.45842324109603,19.74821662902832,570327000
2022-04-29,19.368864884757247,20.093624824231693,18.48537609603833,18.51532554626465,500435000
2022-05-02,18.509336841963925,19.54057176926046,18.35959338634097,19.499643325805664,572049000
2022-05-03,19.366868713389604,19.79114404991853,19.100324492263415,19.568523406982422,475751000
2022-05-04,19.888973288927176,20.365157891413187,18.718974096847806,20.299270629882812,648855000
2022-05-05,19.833068745403253,19.89096834385009,18.468402933575906,18.81181526184082,626331000
2022-05-06,18.704003108603505,19.47867694269655,17.95927682251405,18.64310646057129,633297000
2022-05-09,18.00320533103129,18.22382671504787,16.79826568688899,16.921056747436523,644455000
2022-05-10,17.658790274672434,18.16692179202985,16.995924681678712,17.564950942993164,761474000
2022-05-11,17.31737521925075,17.722681996660068,16.539706252039686,16.601598739624023,670167000
2022-05-12,16.191302499421468,16.75933105562915,15.540416452473458,16.147377014160156,708728000
2022-05-13,16.759330610645957,17.89738318066595,16.564663924099527,17.675762176513672,670437000
2022-05-16,17.479100500246304,17.75762337919923,17.07678882882922,17.23451805114746,521446000
2022-05-17,18.043133207106575,18.339626883509194,17.60388599597196,18.145957946777344,585830000
2022-05-18,17.674767172797246,18.087062047786777,16.835203645867455,16.909076690673828,545161000
2022-05-19,16.908076154672674,17.65679534404285,16.70542180682351,17.094757080078125,621310000
2022-05-20,17.302402048560108,17.38026796074348,15.7280945497096,16.665491104125977,739105000
2022-05-23,16.24620764301638,16.88611369799627,16.151370568247856,16.869142532348633,639889000
2022-05-24,16.481808256688687,16.56865959151644,15.753054287331429,16.126415252685547,588550000
2022-05-25,15.992643408404739,17.081779932453724,15.972677105041479,16.946012496948242,781132000
2022-05-26,16.00861372306428,18.06110233287457,15.994637692580088,17.820514678955078,996575000
2022-05-27,18.15494457145089,18.848757414573335,18.06909099199113,18.77887725830078,738379000
2022-05-31,18.947588442805205,19.16721397954568,18.31866509689285,18.64011573791504,664100000
2022-06-01,18.692024752314552,19.020461466016048,18.09105163821,18.288713455200195,544514000
2022-06-02,18.260759431492897,19.58549275087521,18.16692010850967,19.55853843688965,648656000
2022-06-03,19.049415398458525,19.29898848654268,18.4903703102041,18.688032150268555,598779000
2022-06-06,19.106315501617136,19.303977323382476,18.532296690528412,18.753917694091797,422406000
2022-06-07,18.440451675097222,18.967549778663518,18.15693632445994,18.8936767578125,388914000
2022-06-08,18.77086355538955,19.151293835413707,18.50725874187541,18.62009048461914,363252000
2022-06-09,18.453340970679225,18.9046641413827,18.013998971506,18.02098846435547,395574000
2022-06-10,17.573657531236456,17.670512468100352,16.84375075862806,16.94859504699707,465248000
2022-06-13,15.976053248755155,16.28758656135301,15.582642884178728,15.623581886291504,604153000
2022-06-14,15.707456379910642,16.04195504524191,15.388933562732417,15.812299728393555,469680000
2022-06-15,16.070913211563653,16.84275713625999,15.902166446957503,16.502267837524414,563936000
2022-06-16,15.836263223408565,15.91814123168446,15.377950538825912,15.577651023864746,545749000
2022-06-17,15.62457858553492,15.971059334411734,15.305057850955519,15.856231689453125,630334000
2022-06-21,16.450342951812708,16.98254427360462,16.382443932239894,16.54120635986328,483089000
2022-06-22,16.201715745427563,16.637064043706904,16.155785062066073,16.33551597595215,437135000
2022-06-23,16.49427664363324,16.560177852309664,15.829273970737953,16.20071792602539,463680000
2022-06-24,16.47530408880498,17.114345577356953,16.285587932705912,17.100366592407227,472153000
2022-06-27,17.286091625722822,17.304064337006075,16.601117451137988,16.843753814697266,427968000
2022-06-28,16.874705601351724,17.17625364745246,15.921135014037446,15.958080291748047,461149000
2022-06-29,15.790330997431443,15.796321582886087,15.147294831866825,15.51873779296875,482352000
2022-06-30,15.33800982366456,15.54370183870061,14.839757062154757,15.136312484741211,686070000
2022-07-01,14.876702252486613,15.040456367454654,14.370461061598709,14.501264572143555,577610000
2022-07-05,14.153784970740077,14.948593153459884,14.033964684753286,14.941603660583496,651397000
2022-07-06,14.987536727697348,15.296074303109172,14.766866799066642,15.107357025146484,529066000
2022-07-07,15.432866963873742,15.921134433623129,15.365966855854396,15.834264755249023,492903000
2022-07-08,15.406905495536062,16.01299732041697,15.36596649650815,15.814294815063477,467972000
2022-07-11,15.502761873163315,15.503760780191186,15.015492358677458,15.129322052001953,437321000
2022-07-12,15.245147788988149,15.407903930924364,14.854733210647337,15.059426307678223,458483000
2022-07-13,14.568162782764913,15.351987693110564,14.443349874690844,15.141303062438965,521918000
2022-07-14,15.08538660224111,15.449840052687335,14.705955260534548,15.348991394042969,456235000
2022-07-15,15.635563515161598,15.758378613118879,15.421883108868688,15.738409042358398,385935000
2022-07-18,16.277597915343566,16.87170658639582,15.978047741004891,16.0768985748291,670517000
2022-07-19,16.46132482497789,17.084391408456785,16.147795623704503,16.966567993164062,702366000
2022-07-20,16.921636264091354,17.90616059839603,16.775854870810626,17.78034782409668,760538000
2022-07-21,17.858235278993707,18.116846557351806,17.518743937528516,18.022987365722656,557049000
2022-07-22,17.866219692118694,17.94010834416642,17.111350658354734,17.293079376220703,536671000
2022-07-25,16.99352822136467,17.098372524272847,16.624083035192836,16.99852180480957,480748000
2022-07-26,16.863723101025418,16.89367888729215,16.453338922989442,16.508256912231445,397865000
2022-07-27,17.006509340230103,17.90915763959867,16.887687954750817,17.763376235961914,569776000
2022-07-28,17.948101158887994,18.112853249405923,17.413901927869283,17.95708656311035,474646000
2022-07-29,17.7863400183586,18.21669472131402,17.665520822716793,18.13581657409668,435460000
2022-08-01,18.154785619332486,18.817793251673763,17.96307355568242,18.41339874267578,476469000
2022-08-02,18.09487726327631,18.90965597324655,18.064921477467074,18.498271942138672,489527000
2022-08-03,18.15678654069037,18.939613632599258,18.10985599539617,18.86472511291504,418146000
2022-08-04,18.820789717458855,19.245152860108632,18.731922222497296,19.186241149902344,409652000
2022-08-05,18.781845979871633,19.200219474774293,18.638062407878817,18.96057891845703,386068000
2022-08-08,17.475802185967495,18.211698488265547,17.21619114961201,17.76636505126953,981859000
2022-08-09,17.226178614679633,17.4208864407512,16.69896902858045,17.060426712036133,668263000
2022-08-10,17.671509025080216,18.090880431903596,17.291078799974077,18.06991195678711,597422000
2022-08-11,18.103866009330527,18.679004192022955,17.849246570948857,17.91514778137207,509327000
2022-08-12,18.13281789948401,18.689983246965728,17.926127006444133,18.68099594116211,478094000
2022-08-15,18.673011261133464,19.135317654548857,18.585143621952405,19.003515243530273,457666000
2022-08-16,18.891683249998234,19.11335111314313,18.473309726284572,18.850744247436523,451240000
2022-08-17,18.495276393362314,18.660028439075308,18.117841906309852,18.30755615234375,446799000
2022-08-18,18.273608015579168,18.836763008676165,18.155784605197837,18.744901657104492,415447000
2022-08-19,18.378452160239146,18.49228185814888,17.743404371604452,17.82228660583496,441588000
2022-08-22,17.463823686257303,17.531722707583775,16.94060775357587,17.008506774902344,409593000
2022-08-23,16.963570926492032,17.438858274860547,16.944598360408204,17.155282974243164,369986000
2022-08-24,16.98653564207085,17.379946910113844,16.86971209270248,17.19622230529785,522661000
2022-08-25,16.818788307961942,17.920138013113437,16.80780509236145,17.886188507080078,770691000
2022-08-26,17.83027430691893,17.897173466271262,16.212698075005477,16.23566436767578,769127000
2022-08-29,15.996024432382622,16.313547391578,15.743402820952463,15.777351379394531,496132000
2022-08-30,15.936112250558743,16.01499352907147,15.159276827252066,15.444849014282227,530181000
2022-08-31,15.36097515498697,15.516741812619589,14.936611046484066,15.071409225463867,573710000
2022-09-01,14.187732809926837,14.358477351582556,13.250139048117646,13.91614055633545,1178865000
2022-09-02,14.078897554096939,14.149790438422428,13.570658574144392,13.626575469970703,743157000
2022-09-06,13.710447806930752,13.758376297193559,13.33101646500855,13.444846153259277,535751000
2022-09-07,13.54672431921064,13.821394894652745,13.329984708493885,13.697543144226074,512657000
2022-09-08,13.442847452141244,13.991189334928276,13.352956261508266,13.973210334777832,624873000
2022-09-09,14.140012160343346,14.45663217073669,14.109050173580943,14.369736671447754,486612000
2022-09-12,14.351759064678815,14.529544979461525,14.180963767581938,14.487595558166504,484159000
2022-09-13,13.785436263601921,13.905292137281654,13.083279865417543,13.115241050720215,714956000
2022-09-14,13.238094763310873,13.274051814379163,12.897504363348427,13.1122465133667,588507000
2022-09-15,12.999383731864688,13.217121614092488,12.774653326840804,12.91348648071289,523625000
2022-09-16,12.726708238855368,13.196144469129576,12.6018582485453,13.182161331176758,670751000
2022-09-19,12.996384249094625,13.446843212733178,12.994386794099679,13.36594009399414,569685000
2022-09-20,13.19914238617269,13.466820440382488,13.041331990997975,13.160188674926758,524818000
2022-09-21,13.197146786918447,14.014165156265861,13.094269730528072,13.245088577270508,807679000
2022-09-22,13.054316087751957,13.133221762579595,12.413087222872996,12.545927047729492,759162000
2022-09-23,12.405095860810974,12.595866642258116,12.242291356954421,12.500980377197266,663309000
2022-09-26,12.476011349742599,12.643809975766143,12.199343314704796,12.213326454162598,547343000
2022-09-27,12.49199173171832,12.720717026131021,12.243290932361806,12.398104667663574,553854000
2022-09-28,12.395108402179584,12.807612927319292,12.339175843524695,12.720717430114746,542414000
2022-09-29,12.433062663982527,12.485000310997714,11.931665196277407,12.205336570739746,532763000
2022-09-30,12.072495870113585,12.617841167209532,12.060510185916865,12.124433517456055,565638000
2022-10-03,12.332184417959828,12.66278756428956,12.090474225179374,12.496986389160156,547478000
2022-10-04,12.86354576862045,13.204137147620418,12.86354576862045,13.151200294494629,584182000
2022-10-05,12.895507767366093,13.305015637695266,12.605855789387167,13.19314956665039,507131000
2022-10-06,13.20413661584121,13.639613297811657,13.087276433613106,13.11424446105957,644157000
2022-10-07,12.489995225103874,12.654797201659376,12.007574980325952,12.06151008605957,672478000
2022-10-10,12.022556540655442,12.109452042918871,11.394311565540308,11.655997276306152,698699000
2022-10-11,11.54712815726148,11.831786041509178,11.269461843433058,11.572098731994629,667482000
2022-10-12,11.565106007381553,11.720917996528284,11.331386594866553,11.486200332641602,492590000
2022-10-13,10.957834660470665,12.063506625372144,10.800024266039834,11.945648193359375,850103000
2022-10-14,12.042533640006935,12.096468749363734,11.190557419433182,11.213529586791992,713432000
2022-10-17,11.504178571709462,11.93366289601578,11.503180320321372,11.873734474182129,580774000
2022-10-18,12.329186050392929,12.477008202026717,11.604057477583986,11.952638626098633,659362000
2022-10-19,11.86474459720197,12.33518005536354,11.819798522186153,12.036538124084473,523131000
2022-10-20,12.098465834951899,12.753678854368026,12.090475060557058,12.17936897277832,652398000
2022-10-21,12.083483692515461,12.483004320877559,11.872737373086318,12.451042175292969,609494000
2022-10-24,12.492990026188092,12.694747278830498,12.049522608864148,12.583880424499512,517457000
2022-10-25,12.678769451493256,13.284042293994743,12.648804760926902,13.245088577270508,505482000
2022-10-26,12.853558512942467,13.371934849187197,12.692751450482806,12.880525588989258,532953000
2022-10-27,13.613644355412672,13.821394941977852,13.106253573034632,13.160188674926758,583113000
2022-10-28,13.088274568762595,13.833379617190074,13.0453259501471,13.817398071289062,521040000
2022-10-31,13.761468377005327,13.821396805258901,13.281045557071867,13.480805397033691,486341000
2022-11-01,13.794426707412695,13.908290227767797,13.502777289517077,13.526748657226562,432817000
2022-11-02,13.833381731127423,14.192949423309877,13.19514852979882,13.20313835144043,672628000
2022-11-03,13.027348181306232,13.764462472605558,12.940452690922356,13.40489387512207,500065000
2022-11-04,13.969218152182389,14.211926605097682,13.68056441494515,14.13901424407959,612576000
2022-11-07,14.210926867488931,14.394706092815511,13.937256437354097,14.283839225769043,410061000
2022-11-08,14.78323802463346,14.873130174501293,14.198940003022432,14.584477424621582,595292000
2022-11-09,14.145005518105632,14.193947458013763,13.742489233902935,13.759469032287598,454414000
2022-11-10,14.782241164084553,15.754073201357338,14.52954448835347,15.731101036071777,700819000
2022-11-11,15.788031870821106,16.36933325391358,15.463422059049066,16.30740737915039,655487000
2022-11-14,16.19853677571768,16.520150838234144,15.902891532798265,16.27544403076172,527852000
2022-11-15,16.7019343741324,16.97760225522801,16.362342208466583,16.6460018157959,545876000
2022-11-16,16.142605686473132,16.342364536397717,15.853951986089296,15.890907287597656,649547000
2022-11-17,15.69614237342874,16.246481775556962,15.516358066087552,15.658187866210938,710894000
2022-11-18,15.946840413233774,15.982798417252967,15.101855894679975,15.390509605407715,492072000
2022-11-21,15.128824145184344,15.458428074052856,15.061904155522589,15.298620223999023,404739000
2022-11-22,15.309608723887115,16.038733326612228,15.103855565906704,16.018756866455078,472866000
2022-11-23,16.07868170486478,16.507167751178848,16.028742467722342,16.499176025390625,427241000
2022-11-25,16.298419573569657,16.467215497315987,16.152594861603074,16.250476837158203,167934000
2022-11-28,16.006768811275037,16.33737291090951,15.70613130428347,15.808008193969727,303741000
2022-11-29,15.808007666207146,15.912882164186339,15.501376850924105,15.620233535766602,298384000
2022-11-30,15.682173912135513,16.91401011224117,15.582268932663492,16.90701675415039,565298000
2022-12-01,16.98294893105775,17.248696597102803,16.619292324606402,17.118820190429688,470977000
2022-12-02,16.643267526890366,16.91700892717154,16.429468928660246,16.860061645507812,371389000
2022-12-05,16.663247742100303,16.978949268719298,16.456442519339436,16.59431266784668,352255000
2022-12-06,16.514390276290545,16.557348936719006,15.804061280138294,15.971902847290039,352694000
2022-12-07,15.757102657258699,16.170712118663413,15.652201340982169,16.104774475097656,372388000
2022-12-08,16.257632527002734,17.162777039567985,15.943927985639844,17.152786254882812,515456000
2022-12-09,17.14379362368255,17.56639446997388,16.958968874684317,16.984943389892578,465338000
2022-12-12,17.020909499688667,17.521435764939,16.781136404259517,17.5184383392334,457328000
2022-12-13,18.51349970864757,18.772255889974957,17.69427441056782,18.054933547973633,656589000
2022-12-14,17.970012708973496,18.23476374050765,17.40354874404559,17.65730857849121,496888000
2022-12-15,17.12980640085517,17.303641853458835,16.684228478407395,16.935989379882812,478542000
2022-12-16,16.848073812047673,17.02490669744335,16.39450210101548,16.555349349975586,478232000
2022-12-19,16.556347895867603,16.593311698540127,16.129751160735065,16.2386474609375,354039000
2022-12-20,16.04882888311095,16.29459685874467,15.837030148164454,16.069808959960938,403260000
2022-12-21,16.098782752226374,16.611298778563597,16.086793048040942,16.485416412353516,325025000
2022-12-22,16.07880051974723,16.122759590703474,14.867945252019002,15.32451343536377,565045000
2022-12-23,15.18164625632228,15.324510830713772,14.868942184365809,15.19163703918457,349326000
2022-12-27,15.059764142824474,15.085739610722163,14.042724962145323,14.107664108276367,464902000
2022-12-28,13.91384786252494,14.248531538075772,13.870888249213039,14.022745132446289,351066000
2022-12-29,14.388398226266634,14.669132015722159,14.213563317277028,14.589207649230957,354923000
2022-12-30,14.320462493891805,14.615183969836613,14.21955804675958,14.600198745727539,310490000
2023-01-03,14.836973349478153,14.981836857108386,14.082686318071687,14.30147933959961,401277000
2023-01-04,14.55324290716645,14.838972099538859,14.227550577248294,14.73507022857666,431324000
2023-01-05,14.477313204439954,14.550244209091645,14.134636761581584,14.251526832580566,389168000
2023-01-06,14.460328408212447,14.99582237530762,14.02074443406021,14.844964981079102,405044000
2023-01-09,15.269566206043953,16.040836489954398,15.126700652910513,15.613241195678711,504231000
2023-01-10,15.492352637833052,15.946922785644603,15.45738584996655,15.893973350524902,384101000
2023-01-11,15.825039338857813,16.012861499247272,15.548300537353844,15.985886573791504,353285000
2023-01-12,16.084795943852424,16.621287564446444,15.477369369246485,16.495407104492188,551409000
2023-01-13,16.26262570419307,16.906018468034198,16.149733466553787,16.883039474487305,447287000
2023-01-17,16.88304243708615,17.711260084721463,16.88304243708615,17.685283660888672,511102000
2023-01-18,17.650317053573275,17.856121904906214,17.265680376384633,17.360591888427734,439624000
2023-01-19,17.019910464206095,17.180759619770345,16.7152001075131,16.74916648864746,452932000
2023-01-20,16.994932235706603,17.839135325204627,16.80910900112207,17.82215118408203,564967000
2023-01-23,18.046938056185414,19.22682428472633,17.801172014631053,19.17487335205078,655163000
2023-01-24,18.809217256229907,19.476587493158043,18.802223898332766,19.246803283691406,496204000
2023-01-25,18.89513781742045,19.351706937761307,18.562452134690616,19.304750442504883,449537000
2023-01-26,19.682394047297027,20.146955040954566,19.259793204752064,19.78329849243164,489535000
2023-01-27,19.443619026904443,20.608518165238692,19.38667365320494,20.345766067504883,542142000
2023-01-30,19.931161624007693,20.120980831649582,19.13191593484306,19.143905639648438,488611000
2023-01-31,19.151894998761787,19.668406917071884,18.932103463425523,19.5185489654541,498017000
2023-02-01,19.672401413641385,21.17198313820513,19.59247705157619,20.923219680786133,660477000
2023-02-02,20.980169337487816,21.9282725858749,20.680453394885557,21.688499450683594,564276000
2023-02-03,20.980166467238757,21.724463687493483,20.769365304933352,21.0800724029541,429366000
2023-02-06,20.78634860687831,21.54962695222601,20.766367039433767,21.069082260131836,452197000
2023-02-07,21.361808070267557,22.237980691163425,21.13002680675863,22.152061462402344,664150000
2023-02-08,22.36585402165245,22.85639138734189,21.987212286748747,22.18402671813965,559651000
2023-02-09,22.584649646952737,22.99825818396335,22.099108610512882,22.315902709960938,523876000
2023-02-10,21.669516693052636,22.057148851622582,20.791347102373106,21.244916915893555,550737000
2023-02-13,21.517654072105746,22.027172525413928,20.942197981441133,21.767417907714844,474919000
2023-02-14,21.557618713083382,23.027230025580597,21.345819053614647,22.949304580688477,675474000
2023-02-15,22.527701321791618,22.8334120482029,22.085120866486204,22.74249839782715,420575000
2023-02-16,22.11209321186156,22.528699142465786,21.90628841868297,21.981218338012695,412026000
2023-02-17,21.610574136631595,21.719470459806168,20.95519346715814,21.3678035736084,465888000
2023-02-21,20.98016773032169,21.473700681478473,20.59852851923983,20.635494232177734,410015000
2023-02-22,20.68744330030768,21.084067699872165,20.401712218442917,20.734397888183594,513184000
2023-02-23,23.417861786672578,23.86543861130623,23.00325283361213,23.64164924621582,1117995000
2023-02-24,23.203066260241904,23.451831648820107,22.925328930554357,23.264007568359375,589716000
2023-02-27,23.6476427244117,23.85744345555054,23.43184714222687,23.478801727294922,452994000
2023-02-28,23.349927442998144,23.8025006554153,23.18408384597794,23.194074630737305,455963000
2023-03-01,23.170094246932813,23.23403488033145,22.48674027986424,22.67656135559082,460026000
2023-03-02,22.46676253444405,23.35791839580541,22.41081376086851,23.291980743408203,389415000
2023-03-03,23.297975982991947,23.877428147206164,23.108154887916523,23.8674373626709,412393000
2023-03-06,23.868435128806954,24.225096378883002,23.46481548162868,23.531753540039062,437429000
2023-03-07,23.58171705881991,24.106309951195037,23.222994023470914,23.26995849609375,515154000
2023-03-08,23.468803202924352,24.181252063835192,23.405852285965068,24.16226577758789,513573000
2023-03-09,24.156268710129314,24.435053778962832,23.364882526093854,23.417842864990234,501257000
2023-03-10,23.390862722726986,23.608694224451664,22.70839135809084,22.947206497192383,474866000
2023-03-13,22.734369176697232,23.27994558208547,22.27972185456195,22.94820213317871,421890000
2023-03-14,23.477795275750477,24.20023465879967,23.44182196451992,24.044355392456055,474910000
2023-03-15,23.742591262461122,24.26718414675934,23.341902860231983,24.209230422973633,524486000
2023-03-16,24.008384707139463,25.568174187780844,23.875486426840148,25.521211624145508,583253000
2023-03-17,25.961871359937923,26.37854811527238,25.648113542090044,25.70507049560547,848547000
2023-03-20,25.59515337288159,26.0038368777567,25.110528539041603,25.879932403564453,432747000
2023-03-21,26.159718926782208,26.371554585822363,25.36133811736534,26.17870330810547,547408000
2023-03-22,26.404526646779992,27.567626309324265,26.216672572959897,26.447494506835938,797295000
2023-03-23,27.093991987859635,27.477695255263573,26.66932202581043,27.169933319091797,564889000
2023-03-24,27.010056750841535,27.145951059024593,26.334579915197427,26.758251190185547,454920000
2023-03-27,26.816209246044448,26.979083076531545,26.344574782878965,26.510446548461914,361026000
2023-03-28,26.42650979990374,26.492458648935738,25.82997222376829,26.389537811279297,356104000
2023-03-29,26.80421750216044,27.05701983815986,26.576393509814775,26.963092803955078,393694000
2023-03-30,27.207903966277037,27.47769523664997,27.08100155357142,27.361783981323242,364516000
2023-03-31,27.11897416398198,27.812436769505297,27.084001430781612,27.755481719970703,433933000
2023-04-03,27.487686609279088,27.97830540140123,27.314820315472883,27.94333267211914,398716000
2023-04-04,27.944331375396246,27.978305428409012,27.285841576213635,27.43172836303711,368592000
2023-04-05,26.80821632454569,26.977084121252716,26.374552524598577,26.86017608642578,515015000
2023-04-06,26.563402211324938,27.05901819761364,26.406524267417176,27.01605224609375,397654000
2023-04-10,26.802215816616297,27.59959781175058,26.648335816312407,27.55763053894043,395279000
2023-04-11,27.702521438327167,27.768470288811887,27.104983266832733,27.147951126098633,314378000
2023-04-12,27.34879408048613,27.446717721444895,26.427507578002256,26.474472045898438,446259000
2023-04-13,26.713285279016276,26.866166609946806,26.30860029990406,26.442495346069336,353615000
2023-04-14,26.48346363683986,26.86216968687569,26.199683291915306,26.737266540527344,395660000
2023-04-17,26.544417423730405,26.98507571258764,26.412519730546887,26.9810791015625,321471000
2023-04-18,27.511668078538015,28.088220677251833,27.335803850613633,27.64556312561035,604812000
2023-04-19,27.339802784349317,27.97830767348125,27.21090301368888,27.909360885620117,358660000
2023-04-20,27.649560313033174,28.00828332218978,26.979080669784498,27.08300018310547,427713000
2023-04-21,26.93111770046531,27.16193962505463,26.701296358072568,27.09798812866211,345103000
2023-04-24,26.992068827015686,27.344794031132437,26.650332873232248,27.021045684814453,339282000
2023-04-25,27.05702218157695,27.225891884852338,26.20468425381091,26.220670700073242,378527000
2023-04-26,26.98107969934481,27.30882468111703,26.68430893017137,26.93511390686035,406337000
2023-04-27,27.341801359540217,27.473699061924297,26.60437225664509,27.204906463623047,377161000
2023-04-28,27.203910480161962,27.736496630080815,27.050028541567254,27.72750473022461,292216000
2023-05-01,27.818432975597702,29.035489823277697,27.75847999022623,28.887603759765625,570329000
2023-05-02,28.657779853563685,28.81365912640652,28.06124227027244,28.188142776489258,402730000
2023-05-03,27.8184291138181,28.345021209649484,27.450714217743126,27.780458450317383,383387000
2023-05-04,27.62957543882547,27.83741446612487,27.2188945775801,27.540645599365234,321850000
2023-05-05,27.804443112441227,28.73272235412415,27.709517396074965,28.65778160095215,361494000
2023-05-08,28.499899899156308,29.197359027968076,28.32803419001098,29.1284122467041,344979000
2023-05-09,28.876607416576256,28.95054948212023,28.427955924466577,28.548860549926758,314869000
2023-05-10,28.982529184246165,29.090447225037636,28.43895189810926,28.86262321472168,369350000
2023-05-11,28.873613037762063,28.92757205566267,28.22411699956995,28.555858612060547,322149000
2023-05-12,28.506893577420765,28.75770044655747,28.024268029130468,28.31804084777832,274222000
2023-05-15,28.485913749676843,28.94655704667606,28.130190555712023,28.93056869506836,293926000
2023-05-16,28.818657092059023,29.84686118256938,28.809665192443962,29.19036865234375,449405000
2023-05-17,29.561079553170053,30.17560285577452,29.407199534895835,30.154619216918945,432535000
2023-05-18,30.386442179254722,31.803342967504975,30.29651174694764,31.653459548950195,748725000
2023-05-19,31.51156522552532,31.555531759478416,30.892046668425955,31.239776611328125,473908000
2023-05-22,30.877057472880523,31.495579269125198,30.656229935125022,31.151845932006836,372000000
2023-05-23,30.975979327940532,31.263756274877256,30.60726576982091,30.664220809936523,356253000
2023-05-24,30.186598218499302,30.583291965160534,29.7829118304497,30.514345169067383,721419000
2023-05-25,38.49315539321364,39.449414745877256,36.60661752172898,37.95057678222656,1543911000
2023-05-26,37.860647004196835,39.139654202122564,37.52091024078005,38.915828704833984,714397000
2023-05-30,40.563551734657395,41.905509800536095,39.9180522909101,40.079925537109375,923401000
2023-05-31,39.45740538202882,40.26377936076244,37.792695760283166,37.8046875,1002580000
2023-06-01,38.45917585173872,40.0189671601438,38.31029304006884,39.73918533325195,635873000
2023-06-02,40.0659278102451,40.468615392047035,39.02773149734299,39.29652404785156,482731000
2023-06-05,38.87885366395156,39.534343625841366,38.6770105091887,39.14065170288086,396094000
2023-06-06,38.79992393989999,39.12966633833443,38.11844920121635,38.62405776977539,388729000
2023-06-07,38.88887231517685,39.4724798355732,37.33091714927566,37.44983673095703,511998000
2023-06-08,37.69867073356994,38.83790471563336,37.47981981577912,38.4841423034668,417772000
2023-06-09,39.01079182389234,39.68433913025439,38.54110994385187,38.74397277832031,427717000
2023-06-12,39.173685553174,39.503462039764756,38.59207552154446,39.45549392700195,388701000
2023-06-13,40.15901999798978,41.073406583154025,39.7133202956982,40.99445724487305,613208000
2023-06-14,40.79659433055989,42.97113217286291,40.524773764652764,42.968135833740234,740465000
2023-06-15,42.573402308118794,43.25994139693394,42.11870592148791,42.624366760253906,568622000
2023-06-16,43.42082432044267,43.691642253904746,42.63235266585127,42.663333892822266,655709000
2023-06-20,42.96913358966378,43.960468171430314,42.64534980172413,43.778587341308594,451153000
2023-06-21,43.471800857966244,43.585726565562325,42.05175703552066,43.01610565185547,551603000
2023-06-22,42.22462800338613,43.39684073986037,42.20564356647612,42.99611282348633,417737000
2023-06-23,42.435497782094814,42.780263617046714,41.98679785096617,42.180667877197266,358140000
2023-06-26,42.432495695911925,42.73529370364879,40.07308050587644,40.6047248840332,594322000
2023-06-27,40.77160853354225,41.91184134069005,40.42084625845822,41.84788513183594,462175000
2023-06-28,40.63269972481745,41.81690545908025,40.4907967749422,41.089393615722656,582639000
2023-06-29,41.53009977760553,41.572071399017275,40.572742722962666,40.794593811035156,380514000
2023-06-30,41.65202123521711,42.52143615172758,41.47314054093111,42.27360153198242,501148000
2023-07-03,42.48844792467491,42.86919259981532,42.173660821040244,42.384517669677734,198209000
2023-07-05,42.1067086541188,43.1480088666597,42.0567429868184,42.28858947753906,323618000
2023-07-06,41.81591253990793,42.15068674468522,41.31824574169724,42.074737548828125,303582000
2023-07-07,42.29358237445178,43.184985563987055,42.151679425221936,42.47446060180664,355881000
2023-07-10,42.628357058958606,42.78225297608444,41.62103070440905,42.151676177978516,353908000
2023-07-11,42.45247888360537,42.72929334341537,42.03875917556284,42.376529693603516,298244000
2023-07-12,43.00410823370412,43.90550305041173,42.748279595768494,43.87252426147461,481277000
2023-07-13,44.48811258488501,46.12401074310035,44.46212906513595,45.94613265991211,478204000
2023-07-14,46.55172319456043,48.05571376740953,45.029746964144934,45.438472747802734,772075000
2023-07-17,46.25793176108524,46.4647897401266,45.231620668195575,46.429813385009766,510488000
2023-07-18,46.66964932293247,47.86384680143078,45.70329942598688,47.46211624145508,569164000
2023-07-19,47.432139971066526,47.78590243617676,46.710624499493726,47.0453987121582,427502000
2023-07-20,46.47577391693099,47.05538631913264,45.03174443382623,45.489437103271484,537865000
2023-07-21,45.757254315991084,45.83520487140858,44.07038798081477,44.27924728393555,963769000
2023-07-24,44.70096609238762,45.07871446418964,44.01043195894875,44.58204650878906,382516000
2023-07-25,44.910830992402,46.151993949696525,44.892841521253494,45.64833450317383,348081000
2023-07-26,45.99010801462297,46.022088028773574,44.600042891258646,45.42148971557617,364237000
2023-07-27,46.487774181270936,47.36318559950191,45.71928938176142,45.86919021606445,455976000
2023-07-28,46.63667080068543,46.99543096103648,46.34986471563589,46.7186164855957,331194000
2023-07-31,46.722608945308956,47.09835593359222,46.474774365410504,46.69762420654297,251055000
2023-08-01,46.42880734222909,46.868514380212844,45.99609938631063,46.47577667236328,237858000
2023-08-02,45.80022836613243,45.80922119475112,43.35786912941364,44.23927688598633,530142000
2023-08-03,43.77059114765512,45.08770701221157,43.77059114765512,44.485111236572266,324176000
2023-08-04,44.95479704956906,45.611353612769236,44.36319547208762,44.650001525878906,362666000
2023-08-07,45.080722197879815,45.509435113085615,44.53308967223612,45.38651657104492,322154000
2023-08-08,44.822890242775706,45.21162904106204,44.02642439474419,44.63401794433594,353843000
2023-08-09,44.24427528699449,44.28225178882451,42.105712567799486,42.52543258666992,586449000
2023-08-10,42.13169907067991,43.54475135763228,41.80691647126187,42.35954666137695,492705000
2023-08-11,41.722974153413965,41.98979703435421,40.6117210697398,40.82757568359375,533085000
2023-08-14,40.45882016103964,43.770594514507756,40.28393840809102,43.72362518310547,690286000
2023-08-15,44.53008221287335,45.23760701962332,43.680650645645,43.91049575805664,676512000
2023-08-16,44.49011241407516,44.64500713653826,43.37685806021179,43.45680618286133,527451000
2023-08-17,43.9404785824408,44.032415865763284,42.97212742620197,43.31489944458008,452395000
2023-08-18,42.60637233743457,43.548739981442054,41.632028496640906,43.269927978515625,583768000
2023-08-21,44.46412388030239,47.03339672236979,44.19230715578278,46.935462951660156,692573000
2023-08-22,48.102679385462835,48.15464642329009,45.30256257251268,45.63733673095703,755293000
2023-08-23,45.835216277685575,47.16832054280134,45.17765697601533,47.08437728881836,779046000
2023-08-24,50.18228804118617,50.23225371220406,47.127341093273124,47.1313362121582,1156044000
2023-08-25,46.980438460258725,47.77290532972233,44.993770374089465,45.98710632324219,925341000
2023-08-28,46.45079089513967,46.94845764081992,44.85786313408847,46.80355453491211,685192000
2023-08-29,46.63466937521741,49.04804888819601,46.35985248205318,48.75124740600586,701397000
2023-08-30,49.01106919330039,49.89347574273386,48.392485325821596,49.23092269897461,735206000
2023-08-31,49.346849822900985,49.710603865788684,48.925132248027246,49.32186508178711,528570000
2023-09-01,49.72858594908832,49.76655863283296,48.10967103125179,48.47642517089844,463830000
2023-09-05,48.190628778230135,48.81820938411966,47.82787348720718,48.515411376953125,382653000
2023-09-06,48.412471520397574,48.520405806998106,46.55256753544233,47.03328323364258,468670000
2023-09-07,45.49818632647951,46.316704161962946,45.12540493347,46.21376419067383,433330000
2023-09-08,45.91494321497456,46.578549795234004,45.24433697550349,45.54515838623047,473069000
2023-09-11,46.12081612132712,46.13580667584193,44.28589904966943,45.151390075683594,473966000
2023-09-12,44.711644683644934,45.64609526594391,44.50476589129932,44.84356689453125,349256000
2023-09-13,44.57372538010416,45.90294372989549,44.47678239914178,45.45820617675781,398355000
2023-09-14,45.92293557779265,45.959912533797855,45.104417736108495,45.55415344238281,370097000
2023-09-15,45.31429093296798,45.5721383754204,43.7821930198778,43.874141693115234,506831000
2023-09-18,42.722820575587484,44.21594002292978,41.97526008372968,43.940101623535156,500271000
2023-09-19,43.80717720782653,43.94009827513682,42.97666548704609,43.494361877441406,373064000
2023-09-20,43.57431736743093,43.877140298495235,42.1981295407641,42.21411895751953,367108000
2023-09-21,41.5585083375795,42.07520212333516,40.95586285623428,40.99283981323242,450736000
2023-09-22,41.54750392806019,42.09018706708667,41.2067052454179,41.58548355102539,479236000
2023-09-25,41.566499482257406,42.51094250359211,41.15274189436024,42.19712829589844,419091000
2023-09-26,41.97625771314318,42.7947755047386,41.63046086209198,41.88631057739258,402282000
2023-09-27,42.30507394121307,42.84675457759389,41.60448654250493,42.442989349365234,444935000
2023-09-28,42.43499038200629,43.42040969450895,42.09019617754693,43.063621520996094,424663000
2023-09-29,43.8011831331208,44.11799774453881,43.28148898443914,43.4733772277832,397830000
2023-10-02,44.004059360800305,45.14838526378596,43.835160204850645,44.755619049072266,433298000
2023-10-03,44.78159946799548,45.1034121671623,43.220519465209826,43.49135971069336,470850000
2023-10-04,43.71623295909225,44.11699771323821,43.266497283456516,44.01505661010742,361821000
2023-10-05,44.024049850539384,44.87355141204064,43.862146533501765,44.66167449951172,393483000
2023-10-06,44.166966628350934,45.762027093274135,44.00006519130678,45.735042572021484,434436000
2023-10-09,44.8155843904291,45.5781354250376,44.341864581232265,45.24633026123047,409675000
2023-10-10,45.283311292435734,46.23174977831537,45.061441940637515,45.77102279663086,368582000
2023-10-11,46.16878961981402,46.83140112460815,46.02287570557261,46.7784309387207,378137000
2023-10-12,46.74945044702477,47.58096116077266,46.30271511701913,46.91735076904297,481325000
2023-10-13,46.93234479203606,47.088254968608,45.253333822904544,45.434226989746094,474115000
2023-10-16,45.036454627581854,46.19776888197393,44.88554260061679,46.067848205566406,375099000
2023-10-17,43.9740807563203,44.72763821121428,42.45497569088067,43.91211700439453,812333000
2023-10-18,42.56591420178306,43.19354648553622,41.80036652222744,42.171146392822266,627294000
2023-10-19,42.78578325627493,43.27149704183871,41.85732962426039,42.076202392578125,501233000
2023-10-20,41.86532335952727,42.444983530451566,41.05380140770334,41.36262130737305,477266000
2023-10-23,41.20471789682862,43.222529794895785,40.92088476471772,42.94968795776367,478530000
2023-10-24,43.05162238085588,43.67125606240389,42.66585200550872,43.63727569580078,401463000
2023-10-25,43.372432614254315,43.62428687299592,41.53051983848515,41.75438690185547,398379000
2023-10-26,41.82834703800738,42.231109527965074,39.85650966502812,40.30224609375,541001000
2023-10-27,41.10577671411972,41.18173216586504,39.991431738659564,40.47614669799805,416784000
2023-10-30,41.06280298137389,41.74140011545999,40.45715708839421,41.136756896972656,388028000
2023-10-31,40.42617021325587,40.854918327921496,39.20688773913261,40.75597381591797,517969000
2023-11-01,40.85992224625753,42.35604230855743,40.84493168976348,42.30007553100586,437593000
2023-11-02,43.302480629276204,43.85815292316833,42.868738129165685,43.480377197265625,409172000
2023-11-03,43.99406856905828,45.28230687928524,43.69724264528921,44.97848892211914,424610000
2023-11-06,45.25832352062085,45.907942145910646,44.87254931814996,45.72404861450195,400733000
2023-11-07,45.692075485560395,46.19077833519736,45.131405063982676,45.92793655395508,343165000
2023-11-08,46.072846167662064,46.839396518994945,45.94092394446473,46.54656982421875,346719000
2023-11-09,47.43903795369881,48.201588985861626,46.722461258073324,46.92234420776367,540496000
2023-11-10,47.47201897601796,48.443446517904555,47.25514775060462,48.30652618408203,421245000
2023-11-13,48.29153946047775,49.08707205400293,48.07066895736376,48.59136199951172,384136000
2023-11-14,49.650731250983476,49.80463985063808,49.01110891803197,49.62674331665039,416954000
2023-11-15,49.90559139115929,49.93057437955693,48.1716126359303,48.85920715332031,475497000
2023-11-16,48.65032836479482,49.49583073208514,48.30153490578404,49.45085525512695,339756000
2023-11-17,49.49483149994882,49.687718627140484,48.978137690919475,49.26896667480469,325205000
2023-11-20,49.28295659470337,50.51822867897837,49.152033232319226,50.379310607910156,414120000
2023-11-21,50.096469472210146,50.48723796925796,49.19300270316688,49.91457748413086,565747000
2023-11-22,49.82263401876184,50.305347385214155,47.66190506313219,48.68730163574219,899420000
2023-11-24,48.44145528903712,48.89218989050924,47.71687998320356,47.74786376953125,294645000
2023-11-27,47.771840126632874,48.50140962414012,47.62392850332251,48.21358108520508,395662000
2023-11-28,48.20758789085354,48.29453844522679,47.445036828306066,47.79283142089844,401491000
2023-11-29,48.350510033061155,48.73328389544531,47.831814678443656,48.11164855957031,382005000
2023-11-30,47.995705935817675,48.08165761920248,46.39465234326139,46.74244689941406,526247000
2023-12-01,46.49759696256461,47.172198605670886,46.15979480379712,46.73745346069336,369317000
2023-12-04,46.04985595451796,46.04985595451796,44.9834831764298,45.48318862915039,437543000
2023-12-05,45.44321631785002,46.57664693505586,45.24831433854384,46.542667388916016,371718000
2023-12-06,47.19133790635441,47.36325259148531,45.389240093841764,45.480194091796875,380590000
2023-12-07,45.67709251357311,46.60562768353836,45.581139964884045,46.5726432800293,350823000
2023-12-08,46.57164649877913,47.71707199991906,46.526667071393376,47.4821891784668,359224000
2023-12-11,47.46719926720655,47.50717632201845,45.80703244000096,46.60363006591797,509728000
2023-12-12,46.02292498477765,47.642112036749815,46.02292498477765,47.63311767578125,372387000
2023-12-13,47.6051304064391,48.56964690995882,47.584141022949915,48.063899993896484,447792000
2023-12-14,48.36574838586443,48.64560684171551,47.39823500078961,48.325767517089844,391232000
2023-12-15,48.169851012185504,49.37924378573962,48.09588678078713,48.865501403808594,479948000
2023-12-18,49.37524392106738,50.40772334929845,49.12536921258584,50.051902770996094,412587000
2023-12-19,49.39922961630302,49.67509226753452,48.870495409966274,49.579139709472656,464444000
2023-12-20,49.63010830567033,49.97393763852956,48.07388957337245,48.086883544921875,397894000
2023-12-21,48.78653533808319,49.07039338559571,48.39472971516772,48.96544647216797,300425000
2023-12-22,49.17034164902082,49.358247143122306,48.442705904447216,48.80552673339844,252507000
2023-12-26,48.94345422311468,49.575137414585996,48.93545881250647,49.25429916381836,244200000
2023-12-27,49.486185641923775,49.655099654508746,49.06039666080748,49.39223098754883,233648000
2023-12-28,49.61812631860382,49.85900287352758,49.38723926244384,49.49718475341797,246587000
2023-12-29,49.7880393044469,49.971949026916626,48.72657117950849,49.49718475341797,389293000
2024-01-02,49.21931693922932,49.27029006493009,47.57114520519551,48.143856048583984,411254000
2024-01-03,47.46120466150454,48.15985187353123,47.29628643215799,47.545162200927734,320896000
2024-01-04,47.74305858328899,48.47569292887805,47.48418951664503,47.97394561767578,306535000
2024-01-05,48.43771146509866,49.522166721608514,48.281787612444646,49.072391510009766,415039000
2024-01-08,49.48718686021287,52.248802601709635,49.45420245341726,52.226810455322266,642510000
2024-01-09,52.37474091414494,54.29777651370217,51.66409487363166,53.11336898803711,773100000
2024-01-10,53.58913202583644,54.57263625073542,53.462192955866946,54.32276153564453,533796000
2024-01-11,54.971438397001265,55.3182646237258,53.53316035979794,54.794525146484375,596759000
2024-01-12,54.59262399501641,54.94245086657465,54.302772237512634,54.682579040527344,352994000
2024-01-16,54.990429652443055,56.80651660434578,54.87248875685251,56.35374450683594,449580000
2024-01-17,56.318761351488625,56.442699756892196,54.71256826860131,56.02490997314453,474394000
2024-01-18,57.23130761519397,57.57113740723664,56.0788854596163,57.07838439941406,491650000
2024-01-19,57.95992807554872,59.47017218557315,57.19631113571668,59.461177825927734,543501000
2024-01-22,60.018906048230285,60.30076621768796,59.04039658553907,59.62410354614258,452955000
2024-01-23,59.54014514062131,59.879974896146315,58.555638180668645,59.842994689941406,294654000
2024-01-24,60.27377327574576,62.817495755989306,59.907955605865006,61.331241607666016,560271000
2024-01-25,62.31875501062776,62.68757339968921,60.81950665772298,61.586124420166016,482777000
2024-01-26,60.92944842366768,61.75203783033358,60.54264514796327,61.00041198730469,390309000
2024-01-29,61.20131293830937,62.4576829809529,60.876478857453996,62.43369674682617,348733000
2024-01-30,62.86847856975012,63.461179887339625,62.22879610932244,62.74253845214844,410735000
2024-01-31,61.40920802958089,62.23779495619412,60.66958101504,61.49616622924805,453795000
2024-02-01,62.06887734355602,63.159334010145514,61.61910590922887,62.99541473388672,369146000
2024-02-02,63.94193723275367,66.56662061369005,63.658079168244704,66.12684631347656,476578000
2024-02-05,68.19081646972332,69.46218234609371,67.17133086411414,69.2972640991211,680078000
2024-02-06,69.59510487406826,69.71904328530657,66.26677937017486,68.18881225585938,683111000
2024-02-07,68.28475901119934,70.1848072130282,67.56611760223609,70.0638656616211,495575000
2024-02-08,70.03886831926252,70.75850859222243,69.42018296485597,69.60608673095703,414422000
2024-02-09,70.49765087243433,72.14882343134643,70.17681258949254,72.09685516357422,436637000
2024-02-12,72.56361295434608,74.57360667156944,71.21429106971823,72.2117919921875,613710000
2024-02-13,70.36472691376362,73.41319410596859,69.58511896051495,72.09185791015625,602580000
2024-02-14,73.16533529634732,74.19881393114032,71.90196851738408,73.86298370361328,504917000
2024-02-15,73.8319812576461,73.93792331267274,72.36371572931519,72.62158203125,420122000
2024-02-16,74.06286100719595,74.36471160286108,72.46466337072968,72.57660675048828,495327000
2024-02-20,71.91094295214619,71.91994112607156,67.70005682448759,69.41719818115234,704833000
2024-02-21,67.97192330584859,68.85348517508466,66.21480851806203,67.43819427490234,673755000
2024-02-22,74.98740934032327,78.53562599449027,74.18281239029882,78.49864959716797,865100000
2024-02-23,80.74950699510057,82.35269930987084,77.53111971760488,78.77749633789062,829388000
2024-02-26,79.66005756473585,80.60559027528652,78.46565670997347,79.0523681640625,503973000
2024-02-27,79.34121962191507,79.4401766634304,77.12333739870063,78.66156005859375,391705000
2024-02-28,77.58109150200869,78.89342920209931,77.08633690245391,77.62406921386719,393110000
2024-02-29,79.05437608220565,79.9499232865241,78.31074552812929,79.0723648071289,507289000
2024-03-01,79.95990531943471,82.25875564759677,79.39518604793354,82.23776245117188,479135000
2024-03-04,84.08783505356324,87.6510508748539,83.67704554275812,85.19428253173828,615616000
2024-03-05,85.23126463609206,86.05789246708638,83.37910949267872,85.9249496459961,520639000
2024-03-06,87.98202031125847,89.68324305114874,86.99046652196165,88.65970611572266,582520000
2024-03-07,90.11703886606277,92.7248547713437,89.56129169773,92.62689971923828,608119000
2024-03-08,95.09477882297772,97.35575222228928,86.46669660091352,87.48823547363281,1142269000
2024-03-11,86.38972462446955,88.75664474357295,84.12775251933331,85.73502349853516,678364000
2024-03-12,88.00901063110172,91.9182296909345,86.11087110664366,91.87125396728516,668075000
2024-03-13,91.01363415420467,91.4624276728691,88.39482167096672,90.84671020507812,635713000
2024-03-14,89.53630642599725,90.60482099682989,86.56065394827854,87.90404510498047,602318000
2024-03-15,86.89051814443762,89.50532731640718,86.21782728727133,87.79710388183594,642086000
2024-03-18,90.34693053361582,92.3630123531095,87.04542992766956,88.41481018066406,668976000
2024-03-19,86.66061131736247,90.50286685393166,84.97138422754449,89.35739135742188,672171000
2024-03-20,89.7562045087411,90.36893262675873,88.18292203943432,90.33094787597656,479063000
2024-03-21,92.25806799689252,92.60590946151324,90.3639246898217,91.3934555053711,480372000
2024-03-22,91.0995900463856,94.73493865721083,90.7927303211633,94.24616241455078,586719000
2024-03-25,93.8983168748369,96.7220301978138,93.46751295712747,94.95883178710938,552136000
2024-03-26,95.80745785714453,96.33122190575376,92.45998010784325,92.51895141601562,513648000
2024-03-27,93.06969894575073,93.1976391484463,89.08251272541551,90.20899963378906,586067000
2024-03-28,89.95910797996004,91.25852036781959,89.15247543816959,90.31494903564453,435212000
2024-04-01,90.25797890351257,92.18309875741171,89.16347516442184,90.32194519042969,452441000
2024-04-02,88.40781242384669,90.0530682986896,87.5801933164325,89.41136169433594,433064000
2024-04-03,88.44380630032965,90.33294713635686,88.3598448243253,88.923583984375,370067000
2024-04-04,90.36492116364104,90.59282202260623,85.84097663074387,85.865966796875,434965000
2024-04-05,86.82653051798945,88.44080224771263,85.88696278429457,87.968017578125,399678000
2024-04-08,88.65969605555898,88.78964187058105,86.69259552509367,87.09341430664062,283220000
2024-04-09,87.40226463843116,87.59517772557601,82.98427507127602,85.3152084350586,501700000
2024-04-10,83.88787363370758,87.36029436616496,83.67096935278308,86.99945831298828,431929000
2024-04-11,87.3802819466206,90.69777431894295,86.88651070979101,90.5748291015625,431637000
2024-04-12,89.6582404467223,90.13402971553248,87.490227268918,88.14592742919922,426805000
2024-04-15,89.05752248069292,90.57183360831459,85.88996343395554,85.96192932128906,443077000
2024-04-16,86.39374130762205,88.07797355043053,86.02491323673681,87.37529754638672,370453000
2024-04-17,88.29986306960333,88.73467063272588,83.91185807695048,83.996826171875,495400000
2024-04-18,84.93139797129201,86.15084492565727,82.36456386223763,84.63253021240234,447260000
2024-04-19,83.11223818340684,84.28570097395453,75.57166564195786,76.16539001464844,875198000
2024-04-22,78.0685134774025,80.03662072603697,76.36529285459991,79.48187255859375,596341000
2024-04-23,80.73231101825336,82.7314025960764,80.22754314018754,82.38555908203125,438559000
2024-04-24,83.91185402351564,84.04379783139292,79.14702163200681,79.64080047607422,512208000
2024-04-25,78.83216944223621,83.28514753299602,78.18746579696108,82.59446716308594,424641000
2024-04-26,83.77993152652552,88.29088225677599,83.34912752628662,87.69515228271484,551011000
2024-04-29,87.55520360857133,87.9520187834122,85.22725937914602,87.71713256835938,388971000
2024-04-30,87.20037162224358,88.77865678653,86.26080377564183,86.36275482177734,363709000
2024-05-01,85.0383433055248,85.96092040406639,81.21807385271738,83.00326538085938,559863000
2024-05-02,84.41063276835533,86.19782250273573,83.16219963332766,85.77801513671875,377898000
2024-05-03,87.74911915331617,89.24043810826264,87.00045887297132,88.74866485595703,398341000
2024-05-06,89.34939372661962,92.17811002124398,89.01454681643976,92.09814453125,376203000
2024-05-07,91.05661474475471,91.73930312313776,88.97056485934608,90.51286315917969,437342000
2024-05-08,89.44234711947476,91.15256830092393,89.37937220367726,90.37092590332031,325721000
2024-05-09,90.4878761275282,91.03062873527097,88.1909234816851,88.7066879272461,378013000
2024-05-10,90.26397379416818,91.35947654092773,89.1864606125446,89.83716583251953,335325000
2024-05-13,90.43689954348851,90.95666761749975,88.4887873274781,90.35794067382812,289680000
2024-05-14,89.55830082348145,91.60937070385219,88.89360196869727,91.31450653076172,296507000
2024-05-15,92.42998889004295,94.81890247189259,91.5573844071605,94.58700561523438,417735000
2024-05-16,94.86688376052464,95.77546736350578,94.06024356723809,94.31613159179688,323952000
2024-05-17,94.32613733717375,94.69696338532674,91.7642980099601,92.4369888305664,359691000
2024-05-20,93.70741519120496,95.15675349579068,93.39755844526998,94.73694610595703,318764000
2024-05-21,93.55648340484242,95.35666783512194,93.1376750090188,95.3426742553711,328946000
2024-05-22,95.4156317928307,95.97637393636285,93.20663672986655,94.9068603515625,548648000
2024-05-23,101.98164718121453,106.27169708469262,101.47387473907386,103.75184631347656,835065000
2024-05-24,104.401537367869,106.42661775858191,102.95319827403664,106.42062377929688,429494000
2024-05-28,110.19390726159746,114.88677349919296,109.8330712427859,113.8492431640625,652728000
2024-05-29,112.99864721739439,115.4395315931238,110.85062138095752,114.77283477783203,557442000
2024-05-30,114.59791471662285,115.76638234537347,109.61318085591911,110.44979858398438,484553000
2024-05-31,112.46888043622216,112.66579716472957,106.89142114521177,109.58319854736328,613263000
2024-06-03,113.56937506342024,114.94774627685547,111.95210640711821,114.94774627685547,438392000
2024-06-04,115.66343635588582,116.54702983384996,113.99319020529364,116.38410186767578,403324000
2024-06-05,118.31722487581986,122.39336749547275,117.41463524122511,122.3843765258789,528402000
2024-06-06,123.99164893221229,125.5299513206976,118.26625399255828,120.94303894042969,664696000
2024-06-07,119.71558814229236,121.63671972354634,117.96838874257641,120.83308410644531,412386000
2024-06-10,120.31531947295237,123.04407498199869,116.95684528802722,121.73467254638672,313434100
2024-06-11,121.7246861006453,122.82428289255223,118.69581478206955,120.8650131225586,222551200
2024-06-12,123.01419374000322,126.83277160339148,122.52437825697241,125.15339660644531,299595000
2024-06-13,129.34184822861945,129.75169931207168,127.11268237111577,129.561767578125,260704500
2024-06-14,129.91163383878208,132.79055149165183,128.27224487912378,131.83091735839844,309320400
2024-06-17,132.94052101290185,133.68023590303568,129.53178618492996,130.93125915527344,288504400
2024-06-18,131.09119107562512,136.2792618770274,130.64136160940566,135.529541015625,294335100
2024-06-20,139.74797032274762,140.70760447472028,129.4717976978072,130.7313232421875,517768400
2024-06-21,127.07269417738873,130.5813900425734,124.25374396453276,126.52289581298828,649445800
2024-06-24,123.19412790624048,124.41367504218907,117.99606639814192,118.0660400390625,476060900
2024-06-25,121.15488851140898,126.45291899832442,119.27559095881188,126.0430679321289,414192600
2024-06-26,126.08305489542055,128.0723121328984,122.55436989135586,126.35295867919922,362975900
2024-06-27,124.05381495953473,126.36296048467365,122.87425378862146,123.94385528564453,252571700
2024-06-28,124.53363237537093,127.6624646242392,122.7043116824408,123.4940185546875,315516700
2024-07-01,123.42405307864779,124.79353836567705,118.78578041896601,124.25374603271484,284885500
2024-07-02,121.08492363485541,123.3640816315802,120.9849623711131,122.62435150146484,218374000
2024-07-03,121.61472281837746,128.2322540283203,121.31483142526585,128.2322540283203,215749000
2024-07-05,127.33259117942191,128.80205294716893,125.63322690650442,125.78317260742188,214176700
2024-07-08,127.44254788203128,130.72133351853034,126.99271841631584,128.15228271484375,237677300
2024-07-09,130.30150022676182,133.77021018974597,128.60212062869667,131.33111572265625,285366600
2024-07-10,133.98012482225403,135.0497339856147,132.37072330988062,134.85980224609375,248978600
2024-07-11,135.6994836774376,136.0993287251507,127.00272423823502,127.35259246826172,374782700
2024-07-12,128.21226350748265,131.87090512655513,127.17265724708656,129.19190979003906,252680500
2024-07-15,130.51140270339172,131.34109560506872,127.13266349593106,128.39219665527344,208326200
2024-07-16,128.39219298118343,128.99196049020554,124.53362918601508,126.3129653930664,214769500
2024-07-17,121.30482527113544,121.8046391433911,116.67655155960773,117.94607543945312,390086200
2024-07-18,121.80464878579994,122.35444713942657,116.51661668353269,121.04492950439453,320979500
2024-07-19,120.30521366365987,121.55474851190428,117.32632685631629,117.88611602783203,217223800
2024-07-22,120.3052034521371,124.02382006512462,119.81538796863644,123.4940185546875,258068900
2024-07-23,122.73430428762777,124.64359711208203,122.05455705517221,122.54437255859375,173911000
2024-07-24,119.12564059736765,119.90534904476712,113.39777769436101,114.20747375488281,327776900
2024-07-25,112.99792419777776,116.5865842364698,106.26043515376628,112.23820495605469,460067000
2024-07-26,116.14676147619508,116.15675226350169,111.53847651152583,113.0179214477539,293399100
2024-07-29,113.64768638350331,116.23671871019991,111.2585765650607,111.5484619140625,248152100
2024-07-30,111.4784927394089,111.94831904183755,102.5018390571419,103.69139862060547,486833300
2024-07-31,112.85797882293917,118.29594880516444,110.83872641972829,116.9764404296875,473174200
2024-08-01,117.4862607613273,120.11528690507727,106.77024891874801,109.16935729980469,523462300
2024-08-02,103.72137651325762,108.67952919207649,101.3322668230447,107.23006439208984,482027500
2024-08-05,92.02573599453234,103.37151801623692,90.65625074239716,100.41261291503906,552842400
2024-08-06,103.80134584558614,107.66990813072123,100.51257713442128,104.21119689941406,409012100
2024-08-07,107.76987337493198,108.75951041282163,98.65327249174283,98.8731918334961,411440400
2024-08-08,101.9620353134048,105.46073260357065,97.48369942630838,104.9309310913086,391910000
2024-08-09,105.60068963485523,106.5603314935722,103.39151291428456,104.71102142333984,290844200
2024-08-12,106.28042397102533,111.02865586823579,106.22044874545279,108.97941589355469,325559900
2024-08-13,112.3981514576694,116.18674170739067,111.53847094577725,116.09677124023438,312646700
2024-08-14,118.48588599342114,118.55585963676825,114.02754676709954,118.03605651855469,339246400
2024-08-15,118.71579763487502,123.1941258314807,117.42627687972316,122.81427001953125,318086700
2024-08-16,121.89461364819915,124.95347220733727,121.13489440174322,124.53363037109375,302589900
2024-08-19,124.23374212691918,129.9516143798828,123.37406160628171,129.9516143798828,318333600
2024-08-20,128.35221027833737,129.8316704836438,125.84314985736411,127.20264434814453,300087400
2024-08-21,127.27261778490315,129.30186873034427,126.61286736853016,128.45217895507812,257883600
2024-08-22,129.9716160825352,130.70134013517236,123.05418563063326,123.6939468383789,376189100
2024-08-23,125.81315043381734,129.5517637458536,125.1733892777955,129.32183837890625,323230300
2024-08-26,129.5217841101186,131.2111423152786,124.32371486411647,126.41293334960938,331964700
2024-08-27,125.00346773520825,129.15191727923408,123.83389733541988,128.25225830078125,303134600
2024-08-28,128.0723157316594,128.28224429229948,122.59435936439931,125.5632553100586,448101100
2024-08-29,121.31483536128766,124.38369252727087,116.66656437657561,117.54623413085938,453023300
2024-08-30,119.48551326917712,121.70468827145996,117.17637542296369,119.32557678222656,333751600
2024-09-03,115.96682140906611,116.1667439153335,107.25006590844444,107.95980072021484,477155100
2024-09-04,105.37076592928464,113.22783311293709,104.08124520263415,106.17046356201172,372470300
2024-09-05,104.95092237696757,109.60919166518133,104.72101224991617,107.17009735107422,306850700
2024-09-06,107.99978491199205,108.10974457653745,100.91242007486422,102.7917251586914,413638100
2024-09-09,104.84095444642197,106.51033856554963,103.65140262391243,106.43036651611328,273912000
2024-09-10,107.7698680771714,109.3592802066297,104.910932028029,108.05976104736328,268283700
2024-09-11,109.3492805366119,117.14638014948389,107.38001262051282,116.86648559570312,441422400
2024-09-12,116.80650641923144,120.75537880467239,115.34692581517743,119.10585021972656,366052700
2024-09-13,119.04586602282129,119.92561101375162,117.56628692781244,119.06585693359375,238358300
2024-09-16,116.75652026497235,118.14612117800917,114.32721657757573,116.74652099609375,248772300
2024-09-17,118.13612413784692,118.76594842655497,114.7970852268969,115.5568618774414,231925900
2024-09-18,115.85677572945441,117.66625439302568,113.18754300284537,113.3375015258789,310318900
2024-09-19,117.31634936313678,119.62569217684339,117.21637956272508,117.8362045288086,293506400
2024-09-20,117.02643713264742,118.58599507614844,115.35691774254244,115.96674346923828,382462400
2024-09-23,116.51659472951452,116.9564634197924,114.82707671663402,116.22667694091797,206228500
2024-09-24,116.48659105394941,121.76508371624787,115.34691849533687,120.8353500366211,354966800
2024-09-25,121.98501577990396,124.90418446690079,121.57513728542474,123.47459411621094,284692900
2024-09-26,126.76365118817954,127.63339688941237,121.76508462125145,124.00444030761719,302582900
2024-09-27,123.93446689659378,123.99444725769884,119.22581786965418,121.36520385742188,271009200
2024-09-30,118.27608190267567,121.46516987339125,118.11613173565692,121.40518951416016,226553700
2024-10-01,121.73508253340503,122.40489622649267,115.7568014008595,116.9664535522461,302094500
2024-10-02,116.40662795721522,119.34578009653441,115.10699751736388,118.81593322753906,221845900
2024-10-03,120.88533415502995,124.3243504544059,120.30549859251518,122.81478118896484,277118000
2024-10-04,124.90418432860164,125.00415413490973,121.79507530101387,124.88418579101562,243678100
2024-10-07,124.95417447518639,130.6025566538886,124.91418502432315,127.68339538574219,346250200
2024-10-08,130.2226473652744,133.44172537204778,129.38289186465897,132.85189819335938,285722500
2024-10-09,134.0715571884807,134.48144332062452,131.34234403030248,132.61196899414062,246191600
2024-10-10,131.87219951867377,134.96131029321415,130.9624566548967,134.7713623046875,242311300
2024-10-11,133.97158567859756,135.74108264717918,133.62169514533127,134.76136779785156,170209500
2024-10-14,136.43089368651033,139.56000161928338,136.26094423310064,138.0304412841797,232347700
2024-10-15,137.8304782609884,138.53028982768672,128.70310551155586,131.56228637695312,377831000
2024-10-16,133.9415846620271,136.58082718354044,131.54227882589296,135.68109130859375,264879700
2024-10-17,139.30005999950754,140.84961880375567,136.83076670766295,136.8907470703125,306435900
2024-10-18,138.63024003343975,138.86016981880368,137.24063917112105,137.96043395996094,176090200
2024-10-21,138.090405825162,143.66880798339844,137.96043821210023,143.66880798339844,264554500
2024-10-22,142.86904559419827,144.37860733596548,141.73936457126644,143.54884338378906,226311600
2024-10-23,141.9892821435429,142.3891613712536,137.42060018656866,139.51998901367188,285930000
2024-10-24,140.77963709898057,141.30948393843238,138.42031305269128,140.3697509765625,172354900
2024-10-25,140.88959441527413,144.0886893234089,140.7596420534019,141.49942016601562,205122100
2024-10-28,142.95900585061392,143.0989651063051,140.0098545849982,140.47972106933594,173586700
2024-10-29,140.2497716969522,142.2192081120129,138.86017082456863,141.20950317382812,157593600
2024-10-30,139.49998843906093,140.28977049571748,136.77077537646986,139.300048828125,179418100
2024-10-31,137.56056330274592,137.57055494467397,132.07213151004177,132.72193908691406,270039600
2024-11-01,134.6613944536623,137.2706470867555,134.53144208222884,135.36119079589844,207127800
2024-11-04,137.17067271068436,138.9201710380497,135.53114345978716,136.01100158691406,187528200
2024-11-05,137.41058693125512,140.32974787080795,137.29062621937655,139.86988830566406,160537400
2024-11-06,142.91901845044762,146.44800513885863,141.91930516184587,145.56825256347656,242043900
2024-11-07,146.3480493601011,148.88731477688594,146.12811118371621,148.83734130859375,207323300
2024-11-08,148.7273495355645,149.72706281958904,146.21805942983792,147.58767700195312,175665800
2024-11-11,148.6373710400852,148.80733573059373,143.52885055228916,145.21835327148438,182325600
2024-11-12,146.73790556674717,149.60707763368606,145.96812211424654,148.24746704101562,198634700
2024-11-13,149.02727349633594,149.28719347067064,145.8581688148386,146.2280731201172,191903300
2024-11-14,147.59767865642831,148.95728942511607,145.50828141212895,146.71792602539062,194463300
2024-11-15,144.8284560077565,145.19836028928967,140.03983617411208,141.9392852783203,250132900
2024-11-18,139.45999475223928,141.50940991238423,137.1106625740026,140.10980224609375,221205300
2024-11-19,141.2794937524248,147.08782570288798,140.94958652618317,146.9678497314453,227834900
2024-11-20,147.36774356025674,147.5176944558783,142.68907730947365,145.84817504882812,309871700
2024-11-21,149.30720000657334,152.84617867409492,140.65967008206871,146.62796020507812,400946600
2024-11-22,145.88817215972634,147.1178306503594,141.05956976166155,141.90931701660156,236406200
2024-11-25,141.9492922301626,142.0092725854583,135.78106320516017,135.9810028076172,344941900
2024-11-26,137.66052777043362,139.26007526155422,135.63111085304342,136.88075256347656,190287700
2024-11-27,134.97128602051475,137.18065910710888,131.76221489663718,135.3011932373047,226370900
2024-11-29,136.74079305563075,139.31006372977,136.0110065692894,138.2103729248047,141863200
2024-12-02,138.79021062156448,140.40974141861778,137.7805055975671,138.59027099609375,171682800
2024-12-03,138.22037595856943,140.4997214017946,137.91046723010535,140.2198028564453,164414000
2024-12-04,141.95930442882306,145.74821154635353,140.2497877832653,145.09840393066406,231224300
2024-12-05,145.0784040292141,146.50808533514203,143.91865294893697,145.02841186523438,172621200
2024-12-06,144.56853006182772,145.66828146425675,141.27923767487087,142.40899658203125,188505600
2024-12-09,138.93972344033872,139.91950565348523,137.1001279875636,138.77975463867188,189308600
2024-12-10,138.97971741196267,141.78911819403848,133.76085313448985,135.04058837890625,210020900
2024-12-11,137.33007570041752,140.1394610798945,135.18055019628483,139.27964782714844,184905200
2024-12-12,137.05015122102654,138.4098556769623,135.77043117490655,137.31008911132812,159211400
2024-12-13,138.90974525213795,139.56960518418134,132.51112983721956,134.22076416015625,231514900
2024-12-16,134.1507548377073,134.37070812011547,130.39157963416955,131.9712371826172,237951100
2024-12-17,129.06188284882555,131.5613383936032,126.8323727744144,130.36160278320312,259410300
2024-12-18,133.83084634553458,136.67022414162827,128.2520598203989,128.88192749023438,277444500
2024-12-19,131.7312862928068,134.0007959707685,129.52177635647746,130.65151977539062,209719200
2024-12-20,129.7817201303188,135.25052978203578,128.19207015255643,134.670654296875,306528600
2024-12-23,136.25031123897003,139.75954112073697,135.09056027465786,139.6395721435547,176053500
2024-12-24,139.9695150682445,141.8690952419841,138.61980292789985,140.18946838378906,105157000
2024-12-26,139.6695752314167,140.81933395538283,137.70000300728188,139.89952087402344,116205600
2024-12-27,138.5198213856297,138.98972022149263,134.68066155069724,136.9801483154297,170582600
2024-12-30,134.80062832550155,140.23944563051566,133.99080722961983,137.46005249023438,167734700
2024-12-31,137.99994871496077,138.0399485497518,133.80086613446198,134.26075744628906,155659200
